text,label
republique tunisienne ministere de interieur permis de conduire nom karim cherni ne le 28 03 2025 kairouan adresse 45 avenue mohamed tunis categorie delivre le 27 11 2025 valable jusqu au 16 12 2025 de permis 973321 autorite de delivrance ariana,permis_conduire
auto pieces sfax amenagement renovation devis 2023 126 date 09 05 2023 client yassine nasri adresse rue ibn khaldoun tunis designation qte montant peinture interieure 66 1588 89 main oeuvre 1775 88 total 784 93 tva 19 pourcent 2603 72 total ttc 1617 03 devis valable 30 jours,devis
constat amiable accident automobile signer obligatoirement par les deux conducteurs date de laccident heure wocalisaton blessefs meme legertsh degeis materes 07 05 2024 44k30 avenue habib bourquiba tunis mon rmereraes objots autres fon oui crn vehicule 12 circonstances vehicule proncur assurancetassureporatesaondessamae tette crx 09 dars chacuno casosutes passu pour preciser le croquis preneur assurance assure vokr atlestation assuance nom ben abmed onstaionnemens aronte auitatunstationnomentsonraiune poriere nom trabelss prenom karinm 42 rue des jasmi pronaitun stationnoment prenom voussef aeresse 41 rue jasmrs sorat sunsitomement dulinapee adresso 45 rue de la liberte 4002 tunis un chemin de torce 4004 tunis pays tunisie awa uuh pays tunisie telouemar 98 423 456 rgagent srvne grisre tekouemai 97 654 324 vehicute routaitsurune placea sens giratoire vehicule heurtait arriero en routant dans le meme sons marque ype peugeot 208 il marque type renaule clio immatricutation 423 05 4567 190r en sers mts en immatriculation uup 10 changesxdoflo immatriculation 987 6543 pays immatriculation tan coubiait pays immatriculation tunrsie 12 viraita droite compagnie assurance voi attestaton assurance denomination astree assurances decontat 2024 42345 decarteverte 24 56789 attestation assurance carte verte vatable du 04 04 2024 20s 34 42 2024 13 viraitagauche 16 recuar denomination maghrebia assurances 18 empietait sur voio reservee la circulation en deconvat 2024 ma 98765 16 venait de droito dans carofour decartevene 24 14223 avait pas observe un ssgnal de priorite riige attestation assurance ou carte verte valabledu 46 02 2024 au 44 02 2025 compagnie assurance voir alestation asswancey indiquer le nombre de cases cochees 13 croquis de accident au moment du choe indiquer le trace des voies la direction des vehrcules conducteur vor permis de eonduire nom ben ahmed prenom karim conducteur vor pormis de conduie nom 7ra belsi eur position au moment du choc prenom youssef date de naissance 45 06 1390 rrs date de naissance 22 44 4988 adresse 42 rue des jasmirs 4002 tanis pays tunisie teloue mail 38 423 456 permis de conduire 42345628 defivre par tunis categorie valable jusqu au 45 06 2030 adresse 45 rue de la liberte 4004 tunis pays tunisie tel oue mai 97 654 324 permis de conduire 8765432 defivepar tunis categorie vatable jusqu au 22 44 7028 habib 30urju 14 mes observations le vehicule anjc de file sans 7h0 4hf et 14 mes observations le vehicule roulait ili vite et pas respecte la priorite au iratoire 15 signature des conducteurs fcrcufe barrer les mentions inutites,constat_amiable
maison deco amenagement renovation devis 2025 299 date 08 09 2024 client ines ben salah adresse 81 rue des jasmins monastir designation qte montant peinture interieure 65m2 3478 48 main oeuvre 611 69 total 1144 65 tva 19 pourcent 4019 96 total ttc 2823 66 devis valable 30 jours,devis
republique tunisienne ministere de interieur permis de conduire nom yassine jendoubi ne le 14 01 2025 monastir adresse 80 avenue habib bourguiba nabeul categorie delivre le 22 03 2024 valable jusqu au 05 03 2023 de permis 106950 autorite de delivrance monastir,permis_conduire
maison deco amenagement renovation devis 2023 491 date 06 09 2024 client sonia bouazizi adresse 65 rue des jasmins tunis designation qte montant peinture interieure 66 1541 44 main oeuvre 2778 28 total 1705 01 tva 19 pourcent 3234 88 total ttc 1347 68 devis valable 30 jours,devis
constat amiable ne constitue pas des identites et ccident automobile une reconnaissence de res des faits servant acp 25ab mais releve date de celeration du 42 06 iaccudem heure lieu dolemont signer obligatoirement par 102 les deux conducteurs 09h15 route de la marsa tunis diosses memotsgess degat materiels auts aux vehicules et res temoins etb rems adresses et tol souigens il agit un passagor khaled gharbi 22 345 628 scc cule 12 circonstances societe assurances mottre uno croix dons fam frentx aoub vehieule assure chacune des cases uti socie par utilos societe ami assurances pour preciser le eroquis curancez venicule assuse par star assurances poiice assurance ne 1254789 rionnecne agence tunis centre mmn tat un stationnement agence lae attestation walable rprenoit atationnomens atiestation vatable du 10 03 2024 au 09 03 somancrune purrchamie au 15 02 2024 au 14 02 2028 identite du conducteur chomis vom ben farhot 11 tere tdentite du conducteur en nom trabelsi premom yassine trattgonent sans changoment de adresse rue de ticurtait raniere en couait dons frenom mohamed rue de damas meme sons ou sur mecme adresso 45 hedi nouira idqa oulais dans la meme sens et sur une flo deltronte 4001 tunis permis de conduite 98765432 ehancoan fle pormis de conduire 87654324 53 eouvtat daiivreto 20 05 2016 delivre le 12 04 2018 12 virait eroito en assure voir attest assue assure voir attest assur 71 wisoit gauche nom ben farhat 14 vocveit dtom tabelsi 15 empietaicourta partiodo ehausese prenom mohamed prenom ym5an tesorvee circulation on sens adresse rue de damos 1002 tunis mverse adresse hedi nouira 4004 tunis 16 venait de droite jans un car 97 654 321 ta 98 765 432 47 avoi pas ebsorve sighal identite du vehicule eprorie idontite du vehicute hyundoi i10 andiquerie nombre de casos cochees marque typo renault clio un 43ai 4567 rimmatsiculation 987 6543 immatriculation 123 nord sud sons suna versmde cite wafa venant de cite wafa la marse la marsa 40 indiquer par une fleche ta point de choc initial 40 indiquer par une acche le point de choc initial 60 14 degets agga porte avant droite 41 degats apparents once aile avant enfoncee ragee 44 observations changeais de voie vehicule etait trop prache 44 observations roulais vehicule coupe la raufl 45 signature des conducteurs eptioll 3214l 00552 letranget 12a0 verte ou cante arange le diers est assuir rances n0rmalemenf,constat_amiable
facture fournitures eoa voee ormaatique fac 2024 031 date 28 04 2024 echeance 28 05 2024 mega fournitures sarl rue du lac leman ctient 1053 les berges du lac alpha services tunis tunisie rue lac victoria immeuble horzon 2eme etage tet 71862455 emait contact megafournitures 1425367a 000 817234562018 site web www megafournitures designation ramette papier 809 1002 turus tunisie 1234567b 000 b987654321014 stylo bille bleu boite de 50 150 000 classeur levier 30 sous total 2021 500 tva 19 383 545 total ttc 405 045 toner 85a 000000 cle usb 32gb arretee la presente facture la somme de deux mille quatre cent cinquante et un dinars tunisiens conditions de paiement reglement par virement bancaire ordre de mega fournitures sarl cachet et signature mega fournitures sarl rue du lac leman 1053 les berges du lac tunys tunisie tel 71862455 1425367a 000 coordonnees bancaires banque de tunisie iban tns9 0001 2345 6789 1234 5678 swift btkntntt merci pour votre confiance,facture
maison deco societe de commerce rue de industrie sfax 5052299 000 facture 2025 6719 date 13 07 2026 client amine mejri adresse 32 rue ibn khaldoun bizerte designation qte montant article 4911 45 3937 91 total 3937 91 tva 19 pourcent 4600 55 total ttc 3937 91 arretee la presente facture la somme de,facture
en batimfnt solutions rue de gare 73015 puris t6l 014532 10 90 siret 450 799 123 00015 client nef servicles rpo1 igovauon complete salle de pto pemture saion couloir devis 2023 10 058 le 24 octobre 2023 client jean dubois 12 rue des fleurs 82100 bouiogne billancourt cicn zin 900 00 13 700 00 18 70 00 18 700 00 total 18 700 00 20 18 700 00 18 700 00,devis
republique tunisienne ministere du transport certificat immatriculation immatriculation 579 tunis 2834 date de la premiere mise en circulation 14 02 2026 marque renault type clio energie essence puissance fiscale nombre de places4 usage particulier numero identification du vehicule vf8884983 proprietaire faten trabelsi adresse 17 avenue habib bourguiba monastir le ministre du transport,carte_grise
republique tunisienne ministere du transport certificat immatriculation immatriculation 391 tunis 7645 date de la premiere mise en circulation 09 02 2024 marque hyundai type i10 energie essence puissance fiscale 10 nombre de places usage particulier numero identification du vehicule vf2888184 proprietaire ines sassi adresse 32 rue des jasmins ariana le ministre du transport,carte_grise
maison deco amenagement renovation devis 2023 167 date 27 06 2026 client leila bouzid adresse 58 rue ibn khaldoun la marsa designation qte montant peinture interieure 18 2469 02 main oeuvre 4588 20 total 4580 23 tva 19 pourcent 2606 96 total ttc 3523 39 devis valable 30 jours,devis
mega tronic societe de commerce rue del industrie la marsa 1824058 000 facture 2026 6178 date 13 12 2025 client walid jendoubi adresse 45 rue de la liberte kairouan designation qte montant article 1110 83 603 67 total 603 67 tva 19 pourcent 298 40 total ttc 603 67 arretee la presente facture la somme de,facture
republique tunisienne ministere du transport certificat immatriculation immatriculation 698 tunis 9986 date de la premiere mise en circulation 02 03 2026 marque volkswagen type golf energie essence puissance fiscale nombre de places usage particulier numero identification du vehicule vf5210656 proprietaire yassine trabelsi adresse 84 rue de la liberte bizerte le ministre du transport,carte_grise
electro menager tunis amenagement renovation devis 2023 482 date 11 06 2023 client walid nasri adresse 71 rue des jasmins monastir designation qte montant peinture interieure 55 3215 21 main oeuvre 3674 32 total 2221 80 tva 19 pourcent 2800 17 total ttc 1328 12 devis valable 30 jours,devis
72 si ahy c00 peclaration de sinistre compaun urance horo est poice 4at1 8828 03 numero de jectaration 14 mars 2025 surle client nom artin prenem sophie adresse 23 des lilas 3501 paris telepmne 42 18 93 33 teiephone 06 nha adefails du sinistre date aheure souterrain 29 cue ekg4r oni lieu type de sinistre yol g4yi portable macpook pro ma ede dole itee tat pohe j4hoo0 date de la description un ordinateur la giace en tait verrov une trace fon est visible spf le loz mais montant estime des dommages 30 preces jointes varbal de depot de pleinte 2025 03hz 4471 facture achat originale 50 photos des dogits clches senature 01 declara 44 mars 2025 fan parie 21,declaration_sinistre
auto pieces sfax amenagement renovation devis 2025 590 date 03 11 2023 client ines nasri adresse 66 rue de la liberte bizerte designation qte montant peinture interieure 27 231 58 main oeuvre 1470 24 total 4896 15 tva 19 pourcent 4975 90 total ttc 914 68 devis valable 30 jours,devis
republique tunisienne ministere du transport certificat immatriculation immatriculation 168 tunis 7342 date de la premiere mise en circulation 13 03 2024 marque volkswagen type golf energie essence puissance fiscale8 nombre de places usage particulier numero identification du vehicule vf4406178 pr0prietaire mohamed khemiri adre5se 63 rue de la liberte la marsa le ministre du transport,carte_grise
republique tunisienne 15 9ji 15ks 073 permis de conduire 01 547892 45 07 1970 ben ammar ahmed sfax 12 rue de la liberte sfax 1995 24 05 2010 25 05 20 06 1998 149 06 2013 40 11 2000 09 11 2015 633 commune desfax 12 42 2005 41 12 2020 ce teers wrii arund ahrire,permis_conduire
republiquh tu iqie permis de conduire 45ly de permis date de delivrance 45 129834 2023 11 01 nom de delivrance ben salem prenom yassine yassine date et de nalssance carte identte 1998 05 20 sfax 09871234 adresse 14 rue habib bourguiba 3000 sfax categories bcde nemers permls condaire date de vrance nom prenorm date et ecu naimsece nemseee la carte elentite nallonaie admitd cotecorien date de edlivrance par caticdeis 10 date echiracs par cetecorie reccktions 32 persas tram orme pass samire permis etrascer du brevet aulitare natare de epleaion noentre de gtres deffvris syn imemtels tjh le grstiee rhh eiddsea perraa de condaire,permis_conduire
declaration de sinistre assurances nom et prenom sonia gharbi adresse 11 rue de la liberte sousse tel 64 419 451 email sonia gharbi email contrat 73875717 assureur assurances maghrebia date du sinistre 23 08 2025 heure 19 lieu du sinistre rue de liberte sfax nature du sinistre accident de la circulation circonstances detaillees choc avec un autre vehicule un carrefour degats materiels tiers implique yassine khemiri il des blesses non il un constat amiable oui fait tunis le 28 06 2023 signature de assure,declaration_sinistre
constat amiable accident automobile date de accident 11 03 2025 lieu monastir heure 14 29 vehicule circonstances vehicule proprietaire assure nadia gharbi proprietaire assure amine sassi contrat 56551288 contrat 95638367 societe assurance comar societe a5surance comar vehicule marque volkswagen vehicule marquecitroen type golf type immatriculation 455 tunis 8439 immatriculation 159 tunis 4443 degats apparents degats apparents pare chocs avant porte arriere droite signature des conducteurs,constat_amiable
republique tunisienne ministere de interieur permis de conduire nom sonia trabelsi ne le 07 11 2024 sfax adresse rue des jasmins nabeul categorie delivre le 17 02 2026 valab1e jusqu au 22 08 2024 de permis 758641 autorite de delivrance gabes,permis_conduire
republique tunisienne ministere du transport certificat immatriculation immatriculation 112 tunis 6216 date de la premiere mise en circulation 07 03 2026 marque kia typepicanto energie essence puissance fiscale nombre de places usage particulier numero identification du vehicule vf3044480 proprietaire rania cherni adresse 75 rue de la liberte tunis le ministre du transport,carte_grise
constat amiable accident automobile date de accident 12 06 2026 lieu tunis heure 09 vehicule circonstances vehicule proprietaire assure ines bouzid proprietaire assure ahmed jendoubi contrat 53776967 contrat 32549660 societe assurance comar societe assurance ami assurances vehicule marque kia vehicule marque hyundai type picanto type i10 immatriculation 280 tunis 9975 immatriculation 749 tunis 8693 degats apparents degats apparents pare chocs avant porte arriere droite signature des conducteurs,constat_amiable
a5tisan du bois sfax pcudtiere 3002 sftrs tuniale tel 4216 74 245 789 fax 216 74 245 796 email contact artisandubois 1234s67va 000 devis 2024 076 client hedi ben ammar 15 avenue habib bourguiba 1001 tunis esigrton pocumtare oal tenrana 120x60 850 000 tnd 850 000 tnd ch08 fabrication chaises style scandinave chene finition vernis mat livraison signature du client sfas le 14 05 2024 pour artisan du bois sfax mansouri,devis
declaration de sinistre assurances nom et prenom nadia trabelsi adresse 16 rue de la liberte kairouan tel 21 834 436 email nadia trabelsi email contrat 37953816 assureur gat a5surances date du sinistre 20 04 2024 heure 35 lieu du sinistre rue des jasmin5 monastir nature du sinistre accident de la circulation circonstances detaillees choc avec un autre vehicule un carrefour degats materiels tiers implique hedi jendoubi il des blesses non il un constat amiable oui fait sfax le 19 11 2026 signature de assure,declaration_sinistre
constat amiable accident automobile date de laccident 19 10 2026 lieu bizerte heure 52 vehicule circonstances vehicule proprietaire assure mohamed trabelsi proprietaire assure nadia bouazizi contrat 13505407 contrat 64718629 societe assurance gat assurances societe assurance star assurances vehicule marque citroen vehicule marque peugeot type type 308 immatriculation 518 tunis 9983 immatriculation 806 tunis 2812 degats apparents degats apparents pare chocs avant porte arriere droite signature des conducteurs,constat_amiable
declaration de sinistre compagnie assurance nord est numero de polce 74 8829 03 date du sinistre mars 2025 assure nom moreau jean luc prenom ciean luc adresse 27 tue des lilas 75044 fasis telephone 06 42 48 93 77 description du sinistre inondation dans le sous sol suite vne rupture de toyauterie eau stagnante sur environ 45 pendan heures avant ervenaion ega4s constates sur le parc et les plinthes en bois dommages estimes 450 pieces jointes photos jevis artisan facture pompe eau signature et date fait paris le 46 marss 2025,declaration_sinistre
cabinet expertauto cabinet expertise assurances rapport expertise exp 2025 835 assure yassine bouzid c0ntrat 19012802 nature du sinistre accident de la circulation date du sinistre 19 02 2025 lieu du sinistre avenue habib bourguiba monastir description des dommages choc frontal avec un autre vehicule degats importants sur la partie avant evaluation des dommages designation montant pare chocs avant 2317 18 capot 642 56 total 2318 64 conclusi0n les dommages sont consecutifs un accident de la circulation expert ahmed gharbi signature et cachet,rapport_expertise
maison deco societe de commerce rue de industrie kairouan 9131702 000 facture 2024 5261 date 26 02 2025 client rania sassi adresse 75 rue de la liberte tunis designation qte montant article 3692 01 4657 12 total 4657 12 tva 19 pourcent 4296 53 total ttc 4657 12 arretee la presente facture la somme de,facture
constat amiable accident automobile date de accident 15 07 2024 lieu bizerte heure 15 vehicule circonstances vehicule proprietaire assure hedi hamdi proprietaire assure rania jendoubi contrat 81569590 contrat 70569510 societe assurance comar societe assurance star assurances vehicule marque kia vehicule marque peugeot type picanto type 308 immatriculation 521 tunis 2834 immatriculation 766 tuni5 2043 degats apparents degats apparents pare chocs avant porte arriere droite signature des conducteurs,constat_amiable
2024 0728 024 date 24 06 rapport expertis rapport informations generales erpert mandate cabinet expertises conseils expert julien martm 23 rue de la republique 69002 lyon 04 78 12 34 56 contact expertises conseils expertise suite degat des eaux mision 21 06 2024 de mission 12 avenue des tilleuls 69008 lyon nanu assurance protect mme ciaire bernard de contrat prt 2024 556677 description des faits assuree declare avoir constate de la cuisine provoquant des infi origie presumee de la fuite fuite eau le 21 06 2024 vers 17h30 provenant du plafond itratrons et des dommages au plafond et au mur adjacent rovient une canalisation encastree dans le mur de la cuisine examen et constatations fuite eau confirmee au niveau un raccord de canalisation cuisine traces humudite et aureoles sur le ptafond et le mur de la cuisine peinture cloquee et partiellement decollee plinthe en bois deformee par humidite absence de vetuste apparente des installations presence eau stagnante au sol fors de la visite origine du sinistre fuite eau origie accidentelle due cause usure du matenel corroston rupture un raccord de canalisation encastree evaluation des dommages eiii 879 00 1054 80 les dommages constates sont en lien direct avec la fuite eau surv enue le 21 06 2024 le cout des reparations est estime 054 80 ttc cette evaluation est valable pour une duree de mnois compter de la date du present rapport annexes fait lyon le 24 06 2024 expert julien martin photos devis reparations croquis oreate,rapport_expertise
s0j a555 aisla crv ghe constitue pas une reconnassance de ruspunsabdite mars un rolovo c63 dfenttes et fans sacvant faccotertion du degledent choyda 764 dato accidentto 24 wqu 202a houre al419 eets20 diss depats materuis autros quaux vohicules oull tomauns noms et adresse agt de passagers un veticule 58 616 305 vag 3s3 recisec duquet acub 14 en vjs mettre une crolx dans yat jels bynol chacune dos cases utiles lahat lun constat amiable accident automobile signer obligatoirement par les deux conducteurs vehicule rarlirepe de vges marque yype de immate oqh3 venant du alont vers dessa 50es 5205 70 dans meme vons rsi meme ph0iss surune sce ierente draver sratiocpreess 33 routat en sevrs nvorse iat assure voir attst assutance prenom le sour adesso les soue cesalge ftt provenat une cnaussse eiferente ftne 05516 sta assurances poice 205 aay00 32092 attest valabte du anj 93 aue nloer 81enwatonnemer ouerat starone conducteur voi porms de conduire dendaes prenor mawb adresse 112 mureeunre tep gss annacce vaes crrr permis de condurre detvre hoal lorst par la wilaya de teacss calegorie cdef fentourer categorie pas vrdreca 810 indiquer parune de choc initial 20y roulail en sens aterdk 21 tnobservatien un spnat de indiques le nombre de cases marquees une croix itis cins 53 nen madifier au constat apres separation des oxemplares,constat_amiable
republique tunisienne ministere de interieur permis de c0nduire nom faten cherni ne le 18 06 2023 kairouan adresse rue de la liberte nabeul categ0rie delivre le 04 08 2023 valable jusqu au 25 07 2025 de permis 606300 autorite de delivrance la marsa,permis_conduire
constat amiable accident automobile date de accident 13 02 2023 lieu kairouan heure 35 vehicule circonstances vehicule proprietaire assure nadia bouazizi proprietaire assure amine mejri contrat 33664493 contrat 47430342 societe assurance comar societe assurance comar vehicule marque kia vehicule marque renault type picanto type clio immatriculation 660 tunis 5394 immatriculation 931 tunis 6589 degats apparents degats apparents pare chocs avant porte arriere droite signature des conducteurs,constat_amiable
expertise plus cabinet expertise assurances rapport expertise exp 2024 0g9 assure sami trabelsi date 18 05 2024 contrat 00876543 nature du sinistre accident de la circulation date du sinistre 08 05 2024 lieu du sinistre tunis route de la marsa description des dommages collision avec un autre vehicule un carrefour degats materiels sur avant et le cote gauche du vehicule assure evaluation des dommages designation montant aile avant gauche 1350 000 phare avant gauche 650 000 500 000 350 000 conclusion les dommages sont consecutifs un accident de la circu atlo le cout des reparations est estime quatre mille trois cent cinquante cou expert nabil kohaou expertise plus cachet cabinet expertise assurances signature cacne 104 oreate,rapport_expertise
devis maison deco 2024 112 armensgemont renovotion date 18 2024 chent ahmed ben solah adesso 45s rue de la liberte 1002 tunis 98 123 456 designation montant peinture interieure blanc corrotage soi 60 60 moin uvre 2700000 tva 19 4s6 000 total ttc 856 000 devis valable 30 jours maison deco amenagement renovation,devis
declaration de sinistre assurances nom et prenom amine sassi adresse avenue habib bourguiba ariana tel 62 673 885 email amine sassi email contrat 99757113 assureur ami assurances date du sinistre 11 06 2025 heure 17 33 lieu du sinistre rue des jasmins sfax nature du sinistre accident de la circulation circonstances detaillees choc avec un autre vehicule un carrefour degats materiels tiers implique nadia jendoubi il des blesses non il un constat amiable oui fait tunis le 06 08 2024 signature de assure,declaration_sinistre
maison deco societe de commerce rue de industrie gabes 5700300 000 facture 2024 5443 date 25 12 2024 client faten bouazizi adresse 39 rue ibn khaldoun sfax designation qte montant article 2276 60 815 15 total 815 15 tva 19 pourcent 2797 37 total ttc 815 15 arretee la presente facture la somme de,facture
expertise centrale cabinet expertise assurances rapport expertise exp 2024 632 assure sonia hamdi contrat 64047042 nature du sinistre accident de la circulation date du 5inistre 02 11 2026 lieu du sinistre rue de carthage nabeul description des dommages choc frontal avec un autre vehicule degats importants sur la partie avant evaluation des d0mmages designation montant pare chocs avant 4243 95 capot 4551 53 total 1744 46 conclusion les dommages sont consecutifs un accident de la circulation expert leila hamdi signature et cachet,rapport_expertise
expertise plus cabinet expertise ossurances rapport expertise exp 2024 0789 asaure ahmed ben solah date 16 2024 contrat 00123456 notute du sinistre accident de la circulation date du sinistre 12 2024 licu du sinistre tunis avenue habib bourguiba scrip on des dommages choc frontal avec un autre vehicu degats importants sur la partie avant evaluanion des dommages des onation pare chocs avant 800 000 capot 200 000 pharo gauche main uvre 300 000 total 750 000 conclusion les dommages sont conseanils un aocident de circulation le cout des reparations est estime deux mille sept cent cinquante dinars expert nabil kchoou cachet experti signature cache tdo lus ces,rapport_expertise
expertise centrale cabinet expertise assurances rapport expertise exp 2025 430 assure karim bouazizi contrat 76999875 nature du sinistre accident de la circulation date du sinistre 03 02 2025 lieu du sinistre avenue mohamed monastir description des dommages choc frontal avec un autre vehicule degats important5 sur la partie avant evaluation des dommages designation montant pare chocs avant 2244 86 capot 1857 91 total 2022 50 conclusion les dommages sont consecutifs un accident de la circulation expert hedi cherni signature et cachet,rapport_expertise
declaration de sinistre assurances nom et pren0m ines khemiri adresse rue de la liberte kairouan tel 80 283 153 email ines khemiri email contrat 18596263 assureur ami assurances date du sinistre 04 04 2026 heure 15 19 lieu du sinistre rue ibn khaldoun monastir nature du sinistre accident de la circulation circonstances detaillees choc avec un autre vehicule un carrefour degats materiels tiers implique amine trabelsi il des blesses non il un constat amiable oui fait sousse le 21 12 2026 signature de assure,declaration_sinistre
constat amiable accident automobile date de accident 10 02 2023 lieu kairouan heure 13 23 vehicule circonstances vehicule proprietaire assure lei1a cherni proprietaire assure karim sassi contrat 27701562 contrat 66998180 societe assurance gat assurances societe assurance star assurances vehicule marque kia vehicule marque volkswagen type picanto type golf immatriculation 561 tunis 3448 immatriculation 127 tunis 1738 degats apparents degats apparents pare chocs avant porte arriere droite signature des conducteurs,constat_amiable
mega tronic societe de commerce rue de industrie gabes 9742081 000 facture 2023 6693 date 12 12 2026 client nadia bouzid adresse 15 rue ibn khaldoun kairouan designation qte montant article 3606 86 627 54 total 627 54 tva 19 pourcent 3611 10 total ttc 627 54 arretee la presente facture la somme de,facture
declaration de sinistre assurances nom et prenom sami bouazizi adresse 98 rue des jasmins nabeul tel 61 222 107 email sami bouazizi email contrat 76226838 assureur lloyd tunisien date du sinistre 27 11 2025 heure 25 lieu du sinistre rue ibn khaldoun tunis nature du sinistre accident de la circulation circonstances detaillees choc avec un autre vehicule un carrefour degats materiels tiers implique sami trabelsi il des blesses non il un constat amiable oui fait gabes le 01 08 2023 signature de a5sure,declaration_sinistre
republique tunisicnne 4255 scoor fermis de conduire 42 12 126360 12 08 1989 ben ahmed daal khaled 315 sousse au que 08 06 1975 00069660 vameie drv pegrit parscart kaarce cverueer priaeuer cat en ausature nuh aus vlrmciet niane pastenen drctis le dsdcvacu pao carscaree 19 lare ance ce descat carei preu perser parma arargre en baesa 403 nacure enty asxsn lles heureris ce hiques tommalle 51 prusde le 20 en petuie cae,permis_conduire
republique tunisienne gel peraus de conduire 253l 14 07 1975 12 08 1999 sfax wjx ben salem es3 khalil 10 09 2015 00078912 00078910 25 rue de la liberte tunis 23 jiti nbhmh fait drictecces mas mnacn duce de enutance nurzro cara cacr2s naxcaccue alauc cdu mnc gra duclhh lcrx erncneess 11 dracrs pertea airacer de poru eass 42 2500 13 neste de nurrere de tlias 07e rmhma,permis_conduire
auto pieces sfax societe de commerce rue de industrie tunis 6683777 000 facture 2023 5975 date 11 01 2025 client nadia jendoubi adresse 80 rue de carthage sousse designation qte montant article 3401 52 4633 43 total 4633 43 tva 19 pourcent 2586 86 tota1 ttc 4633 43 arretee la presente facture la somme de,facture
republique tunisienne ministere de interieur permis de conduire nom ines mejri ne le 18 03 2026 ariana adresse 23 avenue mohamed tunis categorie delivre le 01 08 2024 valablejusqu au 23 08 2024 de permis 964154 autorite de delivrance tunis,permis_conduire
republique tunisienne ministere de interieur permis de conduire nom leila nasri ne le 03 09 2026 tunis adresse 87 avenue mohamed monastir categorie delivre le 09 02 2023 valable jusqu au 16 12 2023 de permis 221628 autorite de delivrance gabes,permis_conduire
tech plus amenagement renovation devis 2025 886 date 16 10 2023 client amine hamdi adresse avenue mohamed monastir designation qte montant peinture interieure 37 4157 67 main oeuvre 2513 69 total 3494 40 tva 19 pourcent 1529 27 total ttc 552 68 devis valable 30 jours,devis
19 republique tunisien das 1oq certificat immatriculation jnaass dalg 05355012 on tou au serie du type activite dis 3kpa341 able283793 lola gore jluajl constructeur eco ma h9i4k461 pocontreme 533l 3jl type commercial 2070 07 07 dpaic rio 79,carte_grise
constat amiable accident automobile date de accident 15 05 2024 lieu bizerte heure 59 vehicule circonstances vehicule proprietaire assure leila ben salah proprietaire assure sonia sassi contrat 09705550 contrat 13334317 societe assuranceassurances maghrebia societe assurance star assurances vehicule marque volkswagen vehicule marque citroen type golf type immatriculation 800 tunis 8976 immatriculation 816 tunis 5730 degats apparents degats apparents pare chocs avant porte arriere droite signature des conducteurs,constat_amiable
constat amiable accident automobile date de accident 19 01 2025 lieu nabeul heure 15 05 vehicule circonstances vehicule proprietaire assure karim sassi proprietaire assure sami sassi contrat 81324062 contrat 14613354 societe assurance comar societe assurance star assurances vehicule marque kia vehicule marque volkswagen type picanto type golf immatriculation 915 tunis 5050 immatriculation 583 tunis 1963 degats apparents degats apparents pare chocs avant porte arriere droite signature des conducteurs,constat_amiable
mega tronic societe de commerce rue de industrie sousse 2264790 000 facture 2025 5338 date 06 11 2026 client hedi ben salah adresse 57 rue ibn khaldoun bizerte designation qte puht montant article 1839 71 3153 16 total 3153 16 tva 19 pourcent 2375 85 total ttc 3153 16 arretee la presente facture la somme de,facture
maison deco amenagement renovation devis 2025 210 date 16 07 2025 client nadia cherni adresse 40 rue de carthage sfax designation qte montant peinture interieure 43 1008 13 main oeuvre 4940 83 total 1094 04 tva 19 pourcent 1017 37 total ttc 3988 28 devis va1able 30 jours,devis
republique tunisienne ministere du transport certificat immatriculation immatriculation 257 tunis 8465 date de la premiere mise en circulation 03 06 2024 marque citroen type energie essence pui5sance fiscale nombre de places usage particulier numero identification du vehicule vf4667567 proprietaire yassine jendoubi adresse 46 rue de la liberte gabes le ministre du transport,carte_grise
republique tunisienne ministere du transport certificat immatriculation immatriculation 741 tunis 2102 date de la premiere mise en circulation 12 02 2026 marque renault type clio energie essence puissance fiscale nombre de places usage particulier numero identification du vehicule vf2208309 proprietaire mohamed hamdi adresse 99 rue ibn khaldoun kairouan le ministre du transport,carte_grise
hmi declaration de sinistre 0352419 assurances lis adresser dans les jours informations sur assure nom et prenom ahmed ben salah assureur ami assurances adresse 45 rue de la liberte agence tunis centre 1002 tunis tel 98 1423 456 date effet du contrat 45 03 2023 email ahmed bensalah email 00123456 contrat informations sur le sinistre date du sinistre 42 05 2024 heure 44 30 ildesblesses doui non si oui nombre lieu du sinistre avenue habib bourquiba il un constatamiable oui non si oui le joindre la presente declaration nature du sinistre accidenf de la circulation les autorites ont elles ete avisees oou non circonstances detaillees si oui lesquelles choc avee un autre vehicule un carrefour degats materiels mporfanfs 3ntiers implique si applicable nometprenom karim gharbi vehicule peu geot 308 adresse 20 rue des jasmins nature des dommages pare chocs avant fjao uche 2074 la marsa tel 95 654 324 montant estime 800 assureur star assurances contrat 78945642 pieces jointes constat amiable photos autres immatriculation 423 men 4567 fait tunis le 42 05 2024 signature de assure iete anonyme au capital de 56 000 000 6123456199 1234567 000 de paris 1001 tunis tet 28 28 fax 71 28 28 29 ami assurances,declaration_sinistre
republ ique tunisienne certificat imma triculation ueur 403 plaa aul9 noi et prenom bls uji 12 shgzan adresse 07335512 cncoumf gesd 55 55 serie du type gels llau 3kpa34 1able283793 lol genre sll elais constructeur hyunda h59a9k2 type constructeur elall 59 esui type commercial 2019 08 05 dpmc 631 jel accent sesnil 55,carte_grise
declaration de sinistre assurances nom et prenom ines trabelsi adresse 69 rue de carthage ariana tel 28 498 986 emai1 ines trabelsi email contrat 32346729 assureur lloyd tunisien date du sinistre 10 10 2024 heure 16 45 lieu du sinistre rue ibn khaldoun ariana nature du sinistre accident de lacirculation circonstances detaillees choc avec un autre vehicule un carrefour degats materiels tiers implique mohamed trabelsi il des blesses non il un constat amiable oui fait nabeul le 07 01 2024 signature de assure,declaration_sinistre
constat amiable accident automobile dute de acode 12 2024 lave ueu tunis ticurose 14 30 tunis avenue habib boursu 12 cincoxstances proses aanrerce mose trass onttoe se les prerens euvrarce esmet akmed ben safah cormorc motase kacim gharbi cnumt 00123456 foemura eas tentote corta 7834sgi2 socese aveurance zami assurances soutte dorurance star assurances vencule tone 6aate mucue feuceot dorneut vtes renault type 308 tpe ctio ermainculton 123 4s6t unmatneulation 456 tt890 croquis de accidont 12 ctrecans onseras degsts appsrents pare chocs avant phare 3auck degats opparents porte arriere droite aile droite signature des conductours sre,constat_amiable
declaration de sinistre assurances nom et prenom yassine jendoubi adresse 43 rue de la liberte kairouan tel 30 144 719 email yassine jendoubi email contrat 22685926 assureur star assurances date du sinistre 22 11 2025 heure 19 52 lieu du sinistre rue des jasmins kairouan nature du sinistre accident de circulation circonstances detaillees choc avec un autre vehicule un carrefour degats materiels tiers implique mohamed hamdi il des blesses non il un constat amiable oui fait sfax le 09 08 2025 signature de assure,declaration_sinistre
maison deco societe de commerce rue de industrie la marsa 2345168 000 facture 2026 2034 date 26 09 2024 client amine mejri adresse 46 rue des jasmins ariana designation qte montant article 1338 15 1117 17 total 1117 17 tva 19 pourcent 778 20 total ttc 1117 17 arretee la presente facture la somme de,facture
ce 224qn2024 10h00 averue hefi nouia ariana rrrs dacfiers mlnl pes olh vemicule vtnm lore seciete sama asur eczecere vaprey nany ss6789 poue prsoes cuvon nou assuronces moghrebse reme enrosr beji234 stpctstue 2ut epeyeus uus sauste 00 en aeveutse catite mezn seetit pae den beisccem kms rue de independance oum umm que 002 66 avere de le bourse 2037 ariona mmou 1053 les berges du lac ce 20 03 2010 mremns suu 09 20is qeceut rrr frer fod vone vokswogen polo ford focus srz votkcwogen polo se 1ms sud nord 20 03 2024 mts vona ste ouwumemn rue de ariana sogoe mas 61n sogoe averve nouita avenue hed noutra 10 20 vre oue pre pare choc arriere gauche deforme se gesorveners cuis arrete au feu rouge pare choc avant droit grafle greenens pac le vehicule arreter tempc eyr,constat_amiable
22 109085 2015 03 13 wueoamu 4al aaan 7un 199a 11 15 uxs 072142629 ma mrats dmsrunce vau fresem daze maimance namere le carte ieentiig netinnaty 44r00 alegories dute dellvrance par categocie 10 date echdsnce par aatec rie rentshtuete peruxte wan torme pate numero permme etranger beqvet enltalre oytaiue 84 netzhure de blres detiree 14 numarr retatif gratise des larprisnes du parvule de contaire 40 27 27 12 207e republiqt nisienne prrgro permis de conduire 334,permis_conduire
constat amiable accident automobile date de accident 08 06 2024 lieu tunis heure 49 vehicule circonstances vehiculeb proprietaire assure leila khemiri proprietaire assure mohamed sassi contrat 56841727 c0ntrat 34069754 societe assurance ami assurances societe assurance star assurances vehicule marque volkswagen vehicule marque peugeot type golf type 308 immatriculation 892 tunis 3982 immatriculation 493 tunis 4177 degats apparents degats apparents pare chocs avant porte arriere droite signature des conducteurs,constat_amiable
auto expert tunisie cabinet expertise assurances rapport expertise exp 2024 759 assure faten sassi contrat 50762332 nature du sinistre accident de la circulation date du sinistre 25 08 2025 lieu du sinistre rue de la liberte monastir description des dommages choc frontal avec un autre vehicule degats importants sur la partie avant evaluation des dommages designation montant pare chocs avant 2438 39 capot 2325 65 total 2019 10 conclusion les dommages sont consecutifs un accident de la circulation expert sonia bouzid signature et cachet,rapport_expertise
republique tunisienne ministere du transport certificat immatriculation immatriculation 135 tunis 4689 date de la premiere mise en circulation 06 03 2025 marque hyundai type i10 energie essence puissancefiscale nombre de places usage particulier numero identification du vehicule vf4460971 proprietaire karim ben salah adresse 22 avenue habib bourguiba kairouan le ministre du transport,carte_grise
declaration de sinistre assurances nom et prenom sami mejri adresse 91 rue de la liberte sfax tel 90 391 843 email sami mejri email contrat 89554393 assureur comar date du sinistre 13 10 2023 heure 11 lieu du sinistre rue de carthage la marsa nature du sinistre accident de la circulation circonstances detaillees choc avec un autre vehicule un carrefour degats materiels tiers implique ahmed nasri il des blesses non un constat amiable oui fait sfax le 18 02 2025 signature de assure,declaration_sinistre
republique tunisienne ministere de interieur permis de conduire nom karim nasri ne le 28 05 2023 monastir adresse 68 rue ibn khaldoun bizerte categorie delivre le 26 01 2026 valable jusqu au 22 04 2024 de permis 869151 autorite de delivrance bizerte,permis_conduire
froid tech facture climatisation froid industriel fac 2024 0672 date 10 06 2024 echeance 10 07 2024 froid tech sarl zone industrielle mghira 2082 ariana tunisie client tel 70 145 998 societe alimentaire wafa email contact froidtech rue de la manouba 1234567am 000 2010 la manouba tunisie b17234562017 9876543bm 000 site web www froidtech b987654321098 esses se total ttc 24 833 300 arretee la presente facture la somme de vingt trois mille quatre cent soixante dix dinars tunisiens conditions de paiement reglement par virement bancaire cachet et signature ordre de froid tech sarl froid tech sarl zone industrielle mghira coordonnees bancaires 2082 ariana tunisie 1234567am 000 banque de habitat agence ariana tel 70 145 998 iban tn59 0020 1234 5678 9012 3456 swift bhabtntt merci pour votre confiance,facture
expertise plus cabinet expertise assurances rapport expertise exp 2026 439 assure rania trabelsi contrat 84827759 nature du sinistre accident de la circulation date du 5inistre 10 08 2024 lieu du sinistre avenue habib bourguiba ariana description des dommages choc frontal avec un autre vehicule degats importants sur la partie avant evaluation des dommages designation montant pare chocs avant 627 10 capot 1435 32 total 3275 59 conclusion les dommages sont consecutifs un accident de la circulation expert nadia hamdi signature et cachet,rapport_expertise
expertise plus cabinet expertise assurances rapport expertise exp 2023 842 assure nadia trabelsi contrat 70207397 nature du sinistre accident de la circulation date du sinistre 25 01 2023 lieu du sinistre rue de carthage bizerte description des dommages choc frontal avec un autre vehicule degats importantssur la partie avant evaluation des dommages designation montant pare chocs avant 1220 54 capot 1262 74 total 2784 65 conclusion les dommages sont consecutifs un accident de la circulation expert mohamed ben salah signature et cachet,rapport_expertise
republique tunisienne ministere du transport certificat immatriculation immatriculation 270 tunis 2802 date de la premiere mise en circulation 01 09 2025 marque kia type picanto energie essence puissance fiscale nombre de places usage particulier numero identificati0n du vehicule vf8623936 proprietaire amine mejri adresse 50 rue dela liberte nabeul le ministre du transport,carte_grise
declaration de sinistre assurances nom et prenom leila mejri adresse 66 rue des jasmins tunis tel 47 201 568 email leila mejri email contrat 23513739 assureur assurances maghrebia date du sinistre 20 01 2023 heure 12 13 lieu du sinistre rue ibn khaldoun sfax nature du sinistre accident de la circulation circonstances detaillees choc avec unautre vehicule un carrefour degats materiels tiers implique walid trabelsi il des blesses non il un constat amiable oui fait nabeul le 01 04 2025 signature de assure,declaration_sinistre
declaration de sinistre assurances nom et prenom faten bouazizi adresse 31 rue de carthage monastir tel 70 740 425 email faten bouazizi emai1 contrat 66668327 assureur star assurances date du sinistre 07 09 2026 heure 11 53 lieu du sinistre rue de carthage sousse nature du sinistre accident de la circulation circonstance5 detaillees choc avec un autre vehicule un carrefour degats materiels tiers implique faten ben salah il des blesses non il un constat amiable oui fait nabeul le 28 11 2024 signature de assure,declaration_sinistre
constat amiable accident automobile date de accident 02 12 2026 lieu nabeul heure 19 40 vehicule circonstances vehicule pr0prietaire assure yassine nasri proprietaire assure ahmed bouzid c0ntrat 11392823 contrat 69649382 societe assurance comar societe assurance lloyd tunisien vehicule marque hyundai vehicule marque volkswagen type i10 type golf immatriculation 329 tunis 2434 immatriculation 344 tunis 9991 degats apparents degats apparents pare chocs avant porte arriere droite signature des conducteurs,constat_amiable
expertise centrale cabinet expertise assurances rapport expertise exp 2026 966 assure nadia bouazizi contrat 50316815 nature du sinistre accident de circulation date du sinistre 15 04 2026 lieu du sinistre rue de carthage nabeul description des dommages choc frontal avec un autre vehicule degats importants sur la partie avant evaluation des dommages designation montant pare chocs avant 314 85 capot 3618 71 total 254 14 conclusion les dommages sont consecutifs un accident de la circulation expert karim ben salah signature et cachet,rapport_expertise
tech plus amenagement renovation devis 2025 176 date 11 04 2025 client faten cherni adresse 85 rue ibn khaldoun ariana designation qte montant peinture interieure 46 1854 76 main oeuvre 1319 63 total 208 66 tva 19 pourcent 1057 21 total ttc 664 58 devis valable 30 jours,devis
tech plus societe de commerce rue de industrie ariana 7380431 000 facture 2025 8258 date 04 07 2026 client faten hamdi adresse 84 avenue habib bourguiba sfax designation qte montant article 1410 99 274 39 total 274 39 tva 19 pourcent 3203 07 total ttc 274 39 arretee la presente facture la somme de,facture
expertise plus abi binet expertise assurances rapport expertise assure exp 2024 125g ania ben ali date contrat 00987654 lature du sinistre accident de la circulation date du sinistre 30 05 2024 lieu du sinistre sfax route de gabes description des dommages collision avec un autre vehicule un carrefour degats materiels sur avant et le cote droit du vehicule assure evaluation des dommages designation montant pare chocs avant 1200 000 1800 000 conclusion les dommages sont consecutifs un acclder dinars ime sept mille ce eparations est estime le cout des repar aile avant droite phare avant droit porte avant droite peinture et ajustements la circulation expert expertise plus n3bll kchaou cabinet expertise assyrances signature cachet oreate,rapport_expertise
constat amiable accident automobile date de accident 10 10 2023 lieu nabeul heure 12 01 vehicule circonstances vehicule proprietaire assure karim gharbi proprietaire assure mohamed ben salah contrat 65349309 contrat 66634916 societe assurance comar societe assuranceami assurances vehicule marque volkswagen vehicule marque volkswagen type golf type golf immatriculation 482 tunis 6295 immatriculation 604 tunis 8366 degats apparents degats apparents pare chocs avant porte arriere droite signature des conducteurs,constat_amiable
declaration de sinistre assurances nom et prenom yassine cherni adresse 37 rue de la liberte sou5se tel 65 391 566 email yassine cherni email contrat 29284222 assureur star assurances date du sinistre 08 02 2023 heure 10 36 lieu du sinistre avenue habib bourguiba ariana nature du sinistre accident de la circulation circonstances detaillees choc avec un autre vehicule un carrefour degats materiels tiers implique sonia jendoubi il des blesses non il un constat amiable oui fait nabeul le 12 03 2024 signature de assure,declaration_sinistre
expertise plus cabinet expertise assurances rapport expertise exp 2025 924 assure ahmed trabelsi contrat 58782573 nature du sinistre accident de la circulation date du sinistre 04 04 2023 lieu du sinistre avenue habib bourguiba sousse description des dommages choc frontal avec un autre vehicule degats importants sur la partie avant evaluation des d0mmages designation montant pare chocs avant 455 29 capot 3908 97 total 2214 80 conclusion les dommages sont consecutifs un accident de la circulation expert nadia bouazizi signature et cachet,rapport_expertise
declaration de sinistre assurances nom et prenom faten nasri adresse avenue habib bourguiba ariana tel 29 924 677 email faten nasri email contrat 90516991 assureur lloyd tunisien date du sinistre 16 03 2025 heure 23 02 lieu du sinistre rue de la liberte tunis nature du sinistre accident de la circulation circonstances detaillees choc avec un autre vehicule un carrefour degatsmateriels tiers implique nadia bouzid il des blesses non il un constat amiable oui fait ariana le 17 04 2025 signature de assure,declaration_sinistre
tech plus societe de commerce rue de industrie ariana 5862224 000 facture 2026 8292 date 21 08 2023 client yassine khemiri adresse 67 avenue mohamed la marsa designation qte montant article 1963 91 865 53 total 865 53 tva 19 pourcent 3593 95 total ttc 865 53 arretee la presente facture la somme de,facture
constat amiable accident automobile date de accident 16 11 2026 lieu monastir heure 13 18 vehicule circonstances vehicule proprietaire assure ahmed nasri proprietaire assure rania ben salah contrat 27709785 contrat 25399138 societe assurance gat assurances societe assurance gat assurances vehicule marque peuge0t vehicule marque kia type 308 type picanto immatriculation 169 tunis 4699 immatriculation 225 tunis 8545 degats apparents degats apparents pare chocs avant porte arriere droite signature des conducteurs,constat_amiable
mega tr0nic amenagement renovation devis 2023 369 date 06 02 2025 client yassine hamdi adresse 33 rue des jasmins tunis designation qte montant peinture interieure 61 3989 49 main oeuvre 1404 39 total 1368 70 tva 19 pourcent 3155 63 total ttc 2343 04 devis valable 30 jours,devis
declaration de sinistre assurances nom et prenom rania jendoubi adresse 61 avenue mohamed tunis tel 63 448 427 email rania jendoubi email contrat 57277382 assureur assurances maghrebia date du sinistre 13 05 2026 heure 42 lieu du sinistre avenue mohamed sfax nature du sinistre accident de la circulation circonstances detaillees choc avec un autre vehicule un carrefour degats materiels tiers implique walid khemiri il des blesses non il un constat amiable oui fait ariana le 18 06 2023 signature de assure,declaration_sinistre
republique tunisienne ministere du transport certificat immatriculation immatriculation 674 tunis 6383 date de la premiere mise en circulation 06 09 2024 marque citroen type energie essence puissance fiscale nombre de places usage particulier numero identification du vehicule vf2336756 proprietaire nadia bouzid adresse 32 rue de carthage tunis le ministre du transport,carte_grise
republique tunisienne ministere de interieur permis de conduire nom walid cherni ne le 28 02 2024 nabeul adresse 69 avenue mohamed sfax categorie delivre le 18 12 2023 valable jusqu au 24 01 2024 de permis 658754 autorite de delivrance sfax,permis_conduire
declaration de sinistre assurances nom et prenom nadia bouazizi adresse avenue habib bourguiba sousse tel 95 531 149 email nadia bouazizi email contrat 44327018 assureur gat assurances date du sinistre 03 01 2026 heure 15 36 lieu du sinistre rue des jasmins monastir nature du sinistre accident de la circulation circonstances detaillee5 choc avec un autre vehicule un carrefour degats materiels tiers implique yassine sassi il des blesses non il un constat amiable oui fait ariana le 11 07 2026 signature de assure,declaration_sinistre
republique tunisienne ministere de interieur permis de conduire nom hedi khemiri ne le 01 09 2025 la marsa adresse 16 avenue mohamed ariana categorie delivre le 13 03 2023 valable jusqu au 19 10 2023 de permis 544487 autorite de delivrance monastir,permis_conduire
declaration de sinistre assurances nom et prenom faten nasri adresse 91 avenue habib bourguiba la marsa tel 46 674 432 email faten nasri email contrat 78652785 assureur lloyd tunisien date du sinistre 12 11 2025 heure 19 30 lieu du sinistre avenue habib bourguiba bizerte nature du sinistre accident de la circulation circonstances detaillees choc avec un autre vehicule un carrefour degats materiels tiers implique leila ben salah il des blesses non il un constat amiable oui fait nabeul le 18 05 2024 signature de assure,declaration_sinistre
cabinet expertauto cabinet expertise assurances rapport expertise exp 2026 269 assure sami trabelsi contrat 44503893 nature du sinistre accident de la circulation date du sinistre 10 08 2026 lieu du sinistre rue ibn khaldoun nabeul description des dommages choc frontal avec un autre vehicule degats importants sur la partie avant evaluation des dommages designation montant pare chocs avant 4989 41 capot 1701 90 total1736 19 conclusion les dommages sont consecutifs un accidentde la circulation expert faten jendoubi signature et cachet,rapport_expertise
expertise plus cabinet expertise assurances rapport expertise exp 2026 397 assure sonia nasri contrat 42070771 nature du sinistre accident de la circulation date du sinistre 08 11 2025 lieu du sinistre rue ibn kha1doun monastir description desdommages choc frontal avec un autre vehicule degats importants sur la partie avant evaluation des dommages designation montant pare chocs avant 1477 92 capot 2122 31 total 921 22 conclusion les dommages sont consecutifs un accident de la circulation expert walid hamdi signature et cachet,rapport_expertise
republique tunisienne ministere du transport certificat immatriculation immatriculation 501 tunis 4011 date de la premiere mise en circulation 23 10 2023 marque citroen type energie essence puissance fiscale nombre de place5 usage particulier numero identification du vehicule vf2664446 proprietaire sonia bouazizi adresse 21 avenue mohamed sousse le ministre du transport,carte_grise
mega tronic societe de commerce rue de industrie la marsa 4006460 000 facture 2024 9478 date 11 01 2024 client amine gharbi adres5e 94 avenue mohamed nabeul designation qte montant article 4142 75 4387 03 total 4387 03 tva 19 pourcent 4732 97 total ttc 4387 03 arretee la presente facture la somme de,facture
republique tunisienne ministere du transport certificat immatriculation immatriculation 721 tunis 7341 date de premiere mise en circulation 08 01 2025 marque peugeot type 308 energie essence puissance fiscale nombre de places usage particulier numero identification du vehicule vf1557005 proprietaire ines hamdi adresse 30 rue des jasmins la marsa le ministre du transport,carte_grise
cabinet expertauto cabinet expertise assurances rapport expertise exp 2024 800 assure amine bouazizi contrat 66647984 nature du sinistre accident de la circulation date du sinistre 21 07 2025 lieu du sinistre rue ibn khaldoun tunis description des dommages choc frontalavec un autre vehicu1e degats importants sur la partie avant evaluation des dommages designation montant pare chocs avant 1980 30 capot 3134 02 total 2381 49 conclusion les dommages sont consecutifs un accident de la circulation expert walid nasri signature et cachet,rapport_expertise
republique tunisienne ministere du transport certificat immatriculation immatriculation 297 tunis 3819 date de la premiere mise en circulation 27 03 2024 marque volkswagen type golf energie essence puissance fiscale nombre de places usage particulier numero identification du vehicule vf4009691 proprietaire sami cherni adresse 26 avenue habib bourguiba nabeul le ministre du transport,carte_grise
republique tunisienne ministere de interieur permis de conduire nom inessassi ne le 10 02 2023 gabes adresse rue des jasmins bizerte categorie delivre le 20 11 2023 valable jusqu au 13 05 2023 de permis 691983 autorite de delivrance ariana,permis_conduire
declaration de sinistre assurances nom et prenom mohamed cherni adresse 64 rue de carthage la marsa tel 94 940 383 email mohamed cherni email contrat 89634067 assureur lloyd tunisien date du sinistre 04 08 2026 heure 12 20 lieu du sinistre rue de la liberte sousse nature du sinistre accident de la circulation circonstances detaillees choc avec un autre vehicule un carrefour degats materiels tiers implique hedi bouazizi il des blesses non il un constat amiable oui fait sousse le 04 06 2023 signature de assure,declaration_sinistre
bati con5truction amenagement ren0vation devis 2025 448 date 03 01 2026 client sami hamdi adresse 85 avenue mohamed bizerte designation qte montant peinture interieure 76 1444 78 main oeuvre 1354 09 total 3322 18 tva 19 pourcent 4969 66 total ttc 3294 01 devis valable 30 jours,devis
expertise plus cabinet expertise assurances rapport expertise exp 2023 658 assure nadia sassi contrat 26522710 nature du sinistre accidentde la circulation date du sinistre 13 09 2025 lieu du sinistre rue de carthage gabes description des dommages choc frontal avec un autre vehicule degats importants sur la partie avant evaluation des dommages designation montant pare chocs avant 3773 45 capot 3619 46 total 4637 32 conclusion les dommages sont consecutifs un accident de la circulation expert ahmed bouazizi signature et cachet,rapport_expertise
oio 70 07212629 45 14 republique tumsienne ouw lrn mare du eterunce prememm date de naimance namare de ta arte etart natiocate adr ategories duie erilerance par extegorie 1daie echesace per catc7 rasageme pertue lrau iormes pues nuxdero poriph etranget ou becyet euaaire duq oplsisun nembev de ptres iree la numer trdutif gration des larpr snes du pertaie de contuirs permis de conouike aies 22 109085 2015 03 13 nauar hedqami das,permis_conduire
republique tunisienne ministere du transport certificat immatriculation immatriculation 599 tunis 6866 date de la premiere mi5e en circulation 20 12 2023 marque citroen type energie essence puissance fiscale nombre de places usage particulier numero identification du vehicule vf8588997 proprietaire rania gharbi adresse 42 avenue habib bourguiba nabeul le ministre du transport,carte_grise
auto pieces sfax societe de commerce rue de industrie bizerte 8962835 000 facture 2025 6481 date 07 02 2024 client leila jendoubi adresse 59 avenue habib bourguiba nabeul designation qte montant article 2938 67 818 74 total 818 74 tva 19 pourcent 362 85 total ttc 818 74 arretee la presente facture la somme de,facture
mega tronic amenagement renovation devis 2026 625 date 02 04 2023 client leila bouzid adresse 40 rue ibn khaldoun tunis designation qte montant peinture interieure 10 2876 87 main oeuvre 2412 53 total 4466 02 tva 19 pourcent 849 89 total ttc 1843 15 devis valable 30 jours,devis
electromenager tunis amenagement renovation devis 2026 167 date 15 04 2025 client hedi trabelsi adresse 89 rue de carthage tunis designation qte montant peinture interieure 79 3947 27 main oeuvre 3754 25 total 840 33 tva 19 pourcent 4820 24 total ttc 967 66 devis valable 30 jours,devis
58471236 ou ees enedu ype 3kpa3 a341a bme987 654 const ucte vols bla lols genre ioll yund hgn810p9z123456 type nstructur type commerciat 15 2022 accent oreate,carte_grise
facture fac 2024 0598 date 03 05 2024 echeance 02 06 2024 maison verte maison verte sarl rue ibn khaldoun 25 1002 turus tunisie client 71 808 600 hotel les oliviers emai contact maisonverte 1425367a 000 817234562019 site web maisonverte rue de ta plage sidi mahrez 4000 nabeul tunisie 9876543b 000 8b987654321098 prix unitaire quide vaissette ecolog 30 18500 19 nettoyant mutts surfaces 7s0ms 40 7200 19 288 000 lessive ecologique 5kg 22 000 19 550 000 desinfectant eucalyptus 20 92 800 19 196 000 sacs poubetle brodegradables ilot de 15 500 19 27 500 eponge vegetate lot de 10j 30 00 164 20 000 rrr se arretee la presente facture la somme de sous totat 1776 500 deux mille cinquante quatre dinars et sept cents mille tva 19 278 215 total ttc 2054 715 conditions de palement r99 afnenl per virement ban cachel gnature ordre de maison verte sarl maison verte sarl rue lbn ldoun 25 1002 tunis tunisie coord ordonnees bancaires 142536 000 banque de tunisie iban in59 0001 234 6789 1234 5678 tel 71 808600 swift btkntntt mercs pour votre confiance,facture
mega tronic amenagement renovation devis 2026 877 date 08 06 2023 client leila cherni adresse 98 rue ibn khaldoun sfax designation qte montant peinture interieure 48 1404 06 maind oeuvre 1461 70 total 3459 13 tva 19 pourcent 1294 18 total ttc 1971 20 devis valable 30 j0urs,devis
expertise plus cobdinot onpertise assurances rapport expertise exp 2024 0789 asaute ahmed ben solah date 16 2024 contrat 00123456 notute du sinistre accident de la ciccutation date du sinistre 12 2024 lieu du sinistre tunis avenue habib bourguiba description nes dommages un autre vehicule choc frontal ave degats importants suf la partie ava evaluation des donmages desionation pare chocs avant phare gauche moin uvre conclusion les dommages sont conseauilfs le cout des reparotions est estim un accident ce circulation deux mille sept cent cinquante dinsrs expert nabil kchoou expertise plus cotiner coupmense terguroncos signatute cachet,rapport_expertise
republique tunisienne ministere de interieur permis de conduire nom ahmed khemiri ne le 04 07 2026 nabeul adresse 75 rue de carthage tunis categorie delivre le 01 11 2025 valab1e jusqu au 10 12 2025 de permis 679148 autorite de delivrance tunis,permis_conduire
electro menager tunis amenagement renovation devis 2026 452 date 15 06 2025 client faten sassi adresse 45 avenue habib bourguiba kairouan designation qte montant peinture interieure 75 3588 71 main oeuvre 2852 49 total 4628 46 tva 19 pourcent 400 92 total ttc 3691 97 devis valable 30 jours,devis
un relove teolemens teriets autros ules eus vehicule 12 societe auumncn assurances venicule axsure par aux vehie non elrconstances mettre une croix dans amt assnrmce checune des cases utiles polce assurance pour preciser croquie 245678 agence tuurs centre attestation valable 01 01 2024 societe assurances assurances vehicule assure par star assurances stationcement quettait un statonnement 31 12 2024 prensait un stationnement puall attestaton vaiable 12s ousraseupems 01 02 2024 au 34 01 2025 dentite au conducteur urs cherrin de tarre eerpgnaameupetre identite du conducteur parteng zteentite du conducteur prenom karim nom trabels engageat sur une sens gatore adresse 12 rue des jasmins prenom youssef 1002 tans rteiseumepmanne peuore meresso 45 ruc de la liberte pormis de condure 12345675 1004 tancs 1654 pelwele 15 06 2018 roueemimenmsen se pormes de consurs 87654324 en oeinre 22 14 2046 assure vor aesr omomcree assure voir attest assur nom ben ahmed soux prerom karim vanseote vom trabels vranaguomhe prenom youssef adresse 12 rue des jasmins recular adresse 45 rue de la liberte 1002 tans 15 emphetat surie parte de chansee 1001 tams 38 123 456 ce 16 ordation se 97 654 321 identite du vehicute 16 vanait de eroite dars un carretours identite du vehicule vehicule ldentite du vehicule marque type ugcot 208 17 mayantpes observe le prorite marque type renault clo immatnculaton 23 uxx 4567 bonomere decases cochees enmainoulation 987 6543 sens sum nord sud esa sons sum ouest est venantde rue de la liberte venantde avenue habib bourguiba alanta avenue habib bourg 13 croquis de accident allanta rue de la paix indiquer par une fleche pur point de choc inittai 11 degats apparents pore choc avant lt1 degats apparents porte arriere droite 5nl phare casse enfoncee 14 observations bservations 14 chanae de voie roulais normal le vehicu vehicule percute arriere sans ant 15 signature des conducteurs,constat_amiable
republique tunisienne ministere de interieur permis de conduire nom yassine bouazizi ne le 15 01 2025 gabes adresse avenue mohamed nabeul categorie delivre le 26 01 2026 valable jusqu au 15 02 2025 de permis 792670 autorite de delivrance la marsa,permis_conduire
mega tronic societe de commerce rue de industrie ariana 1179918 000 facture 2025 8222 date 02 02 2024 client amine bouzid adresse 44 rue ibn khaldoun monastir designation qte montant article 4720 87 1401 12 total 1401 12 tva 19 pourcent 2034 27 total ttc 1401 12 arretee la presente facture la somme de,facture
rapport exp 2024 0621 rapport expertise 21 06 2024 informations generales expert mandate cabinet expertises conseils expert lutien martin 23 rue de la republique 69002 lyon adresse telephone 04 78 12 34 56 email contact expenises conseils mission expertise suite degat des eaux date de la mission 20 06 2024 lieu de la mission 15 rue des tilleufs 69003 lyon demandeur assurance protect mme claire bemard assure de contrat prt 2024 112233 description des faits assuree declare avoir constate une fuite eau de la salle de bain provoquant des infiltrations le 19 06 2024 vers 18h30 provenant du plafond des dommages au plafond et au mur du salon situes en dessous origine presumee de la fuite provie une canalisation encastree dans le mur de la salle de bain examen et constatations fuite eau confirmee au niveau un raccord de canalisation salle de bain traces humidite et aureoles sur le plafond et le mur du salon peinture cloquee et partiellement decollee plinthe en bois deformee par humidite absence de vetuste apparente des installations presence eau stagnante au sol lors de la visite origine du sinistre fuite eau origine accidentelle due cause usure du materiel corrosion evaluation des dommages 12e reprise pemture mur salon surface 18 la rupture un raccord de canalisation encastree 418 00 342 00 98 00 210 00 longueur 10 intervention produit remplacement plinthe bois sechage et traitement anti moisissures divers imprevus 1148 00 tva 20 conclusion les dommages constates sont en lien direct avec la fuite eau survenue le 19 06 2024 le cout des reparations est estime 377 60 ttc cette evaluation est valable pour une duree de mois compter de la date du present rapport fait lyon le 21 06 2024 expert jutien martin annexes photos devis reparations eraniuie,rapport_expertise
constat amiable accident automobile date de accident 19 10 2025 lieu sousse heure 16 vehicule circonstances vehicule proprietaire assure amine khemiri proprietaire assure karim 8ouazizi contrat 27561737 contrat 20170117 societe assurance gat assurances societe assurance assurances maghrebia vehicule marque hyundai vehicule marque peugeot type i10 type 308 immatriculation 438 tunis 6454 immatriculation 810 tunis 7413 degats apparents degats apparents pare chocs avant porte arriere droite signature des conducteurs,constat_amiable
constat amiable accident automobile date de accident 03 05 2025 lieu gabes heure 23 13 vehicule circonstances vehicule proprietaire assure rania sassi proprietaire assure nadia cherni contrat 38455450 contrat 12221988 societe assurance gat assurances societe assurance lloyd tunisien vehicule marque kia vehicule marque peugeot type picanto type 308 immatriculation 202 tunis 4350 immatriculation 180 tunis 3099 degats apparents degats apparents pare chocs avant porte arriere droite signature des conducteurs,constat_amiable
constat amiable accident automobile date de accident 02 09 2023 lieu monastir heure 02 vehicule circonstances vehicule proprietaire assure rania cherni proprietaire assure ahmed bouazizi contrat 06956981 contrat 98333167 societe assurance lloyd tunisien societe assurance star assurances vehicule marque hyundai vehicule marque volkswagen type i10 type golf immatriculation 498 tunis 7304 immatriculation 394 tunis 1281 degats apparents degats apparents pare chocs avant porte arriere droite signature des conducteurs,constat_amiable
declaration de sinistre assurance nord est compagnie date de la dectaration 14 03 2025 numero de police 4471 8829 03 informations du client nom martin prenom sophie adresse 27 rue des lilas 25011 paris telephone 42 18 93 27 email soehie mar details du sinistre 12 03 2025 14h30 lieu garage souterrain 27 rue des lilas type de sinistre vol objet gersonnel description sac main en cuir noir contenant orteleuille endant stotionnement date du sinistre telephone gorfa ble iphone 14 et cles vole dommages estimes montant estime 850 pieces jointes proces verbal de depot de plainte 2025 031 0892 factures achat des objets voles photos du lieu du sinistre signature hie maroh fait paris le 14 mars 2025,declaration_sinistre
maison deco amenagement renovation devis 2023 898 date 05 09 2024 client sonia bouazizi adresse 54 rue des jasmins gabes designation qte montant peinture interieure 53 1681 72 main oeuvre 2024 85 total 3283 61 tva 19 pourcent 3165 49 total ttc 1664 58 devis valable 30 jours,devis
declaration de sinistre assurances nom et prenom ahmed ben salah adresse 98 rue de carthage sfax tel 67 576 894 email ahmed ben salah email contrat 27682975 assureur ami assurances date du sinistre 09 08 2025 heure 45 lieu du sinistre avenue mohamed ariana nature du sinistre accident de la circulation circonstances detaillees choc avec un autre vehicule un carrefour degats materiels tiers implique amine bouzid il des blesses non il un constat amiable oui fait nabeul le 06 10 2024 signature de assure,declaration_sinistre
expertise centrale cabinet expertise assurances rapport expertise exp 2023 541 assure karim gharbi contrat 65056553 nature du sinistre accident de la circulation date du sinistre 09 01 2023 lieu du sinistre avenue habib bourguiba gabes description des dommages choc frontal avec un autre vehicule degats importants sur la partie avant evaluation des dommages designation montant pare chocs avant 4239 10 capot 3575 08 total 3924 17 conclusion les dommages sont consecutifs un accident de la circulation expert hedi sassi signature et cachet,rapport_expertise
expertise centrale cabinet expertise assurances rapport expertise exp 2024 432 assure yassine trabelsi contrat 77983042 nature du sinistre accident de la circulation date du sinistre 04 05 2025 lieu du sinistre avenue habib bourguiba la marsa description des dommages choc frontal avec un autre vehicule degats importants sur la partie avant evaluation des dommages designation montant pare chocs avant 1512 25 capot 2165 21 total 942 27 conclusion les dommages sont consecutifs un accident de la circulation expert leila ben salah signature et cachet,rapport_expertise
republique tunisienne ministere de interieur permis de conduire nom ines nasri ne le 25 12 2024 sousse adresse 47 rue des jasmins monastir categorie delivre le 05 01 2024 valable jusqu au 14 10 2024 de permis 155628 autorite de delivrance monastir,permis_conduire
republique tunisienne ministere de interieur permis de conduire nom yassine jendoubi ne le 28 08 2023 la marsa adresse 12 rue des jasmins la marsa categorie delivre le 02 07 2023 valable jusqu au 20 05 2023 de permis 298907 autorite de delivrance gabes,permis_conduire
bati construction amenagement renovation devi5 2023 718 date 16 09 2023 client sami jendoubi adresse 54 rue des jasmins monastir designation qte montant peinture interieure 55 4097 14 main oeuvre 481 37 total 1356 85 tva 19 pourcent 2991 79 total ttc 339 01 devis valable 30 jours,devis
expertise plus cabinet expertise assurances rapport expertise exp 2026 811 assure faten gharbi contrat 24818706 nature du sinistre accident de la circulation date du sinistre 07 04 2026 lieu du sinistre rue ibn khaldoun la marsa description des dommages choc frontal avec un autre vehicule degats importants sur la partie avant evaluationdes dommages designation montant pare chocs avant 3933 33 capot 3843 19 total 3573 98 conclusion les dommages sont consecutifs un accident de la circulation expert hedi sassi signature et cachet,rapport_expertise
auto expert tunisie cabinet expertise assurances rapport expertise exp 2026 188 assure karim trabelsi contrat 98272606 nature du sinistre accident de la circulation date du sinistre 11 08 2026 lieu du sinistre avenue mohamed sousse description des dommages choc frontal avec un autre vehicule degat5 importants sur la partie avant evaluation des dommages designation montant pare chocs avant 3774 60 capot 1402 66 total 1659 39 conclusion les dommages sont consecutifs un accident de circulation expert mohamed nasri signature et cachet,rapport_expertise
republique tunisienne ministere du transport certificat immatriculation immatriculation 929 tunis 1586 date de la premiere mise en circulation 23 11 2026 marque citroen type energie essence puissance fiscale nombre de places usage particulier numero identification du vehicule vf4003831 proprietaire sami mejri adresse 52 rue de carthage gabes le ministre du transport,carte_grise
constat amiable accident automobile date de accident 13 01 2023 lieu sousse heure 06 vehicule circonstances vehicule proprietaire assure yassine ben salah proprietaire assure hedi trabelsi contrat 62575100 contrat 03668574 societe assurance star assurances societe assurance lloyd tunisien vehicule marque citroen vehicule marque citroen type type immatriculation897 tunis 8778 immatriculation 758 tunis 4879 degats apparents degats apparents pare chocs avant porte arriere droite signature des conducteurs,constat_amiable
republique tunisienne ministere du tran5port certificat immatriculation immatriculation 759 tunis 6361 date de la premiere mise encirculation 27 11 2026 marque citroen type energie essence puissance fiscale nombre de places usage particulier numero identificati0n du vehicule vf3272177 proprietaire yassine ben salah adresse 43 avenue mohamed s0usse le ministre du transport,carte_grise
republique tunisienne ministere du transport certificat immatriculation immatriculation 144 tunis 1824 date de la premiere mise en circulation 13 10 2024 marque volkswagen type golf energie essence puissance fiscale nombre de places usage particu1ier numero identificati0n du vehicule vf4311495 proprietaire hedi jendoubi adresse 30 ruedes jasmins la marsa le ministre du transport,carte_grise
expertise plus cabinet expertise assurances rapport expertise exp 2025 856 assure leila mejri contrat 96652163 nature du sinistre accident de la circulation date du sinistre 23 11 2025 lieu du sinistre avenue mohamed ariana description des dommages choc frontal avec un autre vehicule degats importants sur la partie avant evaluation des dommages designation montant pare chocs avant 4725 48 capot 2403 66 total 395 15 conclusion les dommages sont consecutifs un accident de la circulation expert ahmed jendoubi signature et cachet,rapport_expertise
bati construction amenagement renovation devis 2024 537 date 11 08 2024 client faten cherni adresse rue de carthage monastir designation qte montant peinture interieure 77 630 32 main oeuvre 4222 05 total 4142 65 tva 19 pourcent 2179 56 total ttc 4436 63 devis valable 30 jours,devis
declaration de sinistre assurances nom et prenom nadia ben salah adresse 76 rue ibn khaldoun sousse tel 34 966 638 email nadia ben salah email contrat 51569154 assureur gat assurances date du sinistre 05 03 2026 heure 20 31 lieu du sinistre rue ibn khaldoun kairouan nature du sinistre accident de la circulation circonstances detaillees choc avec un autre vehicule un carrefour degats materiels tiers implique ahmed trabelsi il des blesses non il un constat amiable oui fait sousse le 23 09 2025 signature de assure,declaration_sinistre
republique tunisienne ministere de interieur permis de conduire nom hedi bouzid ne le 22 09 2024 sousse adres5e 68 avenue habib bourguiba la marsa categorie delivre le 01 02 2024 valable jusqu au 05 04 2025 de permis 319853 autorite de delivrance tunis,permis_conduire
electro menager tunis societe de commerce rue de industrie la marsa 8851546 000 facture 2024 5755 date23 01 2023 client nadia cherni adresse 11 rue des jasmins monastir designation qtepu montant article 4204 92 1681 76 total 1681 76 tva 19 pourcent 2695 58 total ttc 1681 76 arretee la presente facture la somme de,facture
republique tunisienne ministere de interieur permis de conduire nom leila bouazizi ne le 22 07 2023 nabeul adresse 39 rue de carthage gabes categorie delivre le 06 08 2026 valable jusqu au 07 12 2024 de permis 100889 autorite de delivrance nabeul,permis_conduire
auto expert tunisie cabinet expertise assurances rapport expertise exp 2023 704 assure karim sassi contrat 83965489 nature du sinistre accident de la circulation date du sinistre 10 11 2024 lieu du sinistre rue ibn khaldoun bizerte description des dommages choc frontal avec un autre vehicule degats importants sur la partie avant evaluation des dommages designation montant pare choc5 avant 4409 82 capot 267 93 total 3207 27 conclusion les dommages sont consecutifs un accident de la circulation expert ines cherni signature et cachet,rapport_expertise
declaration de sinistre assurances nom et prenom karim ben salah adresse 40 rue de carthage kairouan tel 53 736 428 email karim ben salah email contrat 00507026 assureur ami assurances date du sinistre 18 07 2024 heure 06 lieu du sinistre rue de la liberte kairouan nature du sinistre accident de la circulation circonstances detaillees choc avec un autre vehicule un carrefour degats materiels tiers implique sonia cherni il des blesses non il un constat amiable oui fait bizerte le 03 07 2023 signature de assure,declaration_sinistre
electro menager tunis societe de commerce rue de industrie sfax 9930441 000 facture 2024 9654 date 10 05 2026 client amine sassi adresse 67 rue de la liberte gabes designation qte montant article 3741 51 4449 21 total 4449 21 tva 19 pourcent 2235 95 total ttc 4449 21 arretee la presente facture la somme de,facture
mememenenmns facture elec plus materiel electrique ne fac 2024 0421 date 15 05 2024 elec plus sarl echeance 14 06 2024 zone industrielle charguia 2035 ariana tunisie client tel 70 123 456 societe tunisienne de batiment emait contact elecplus rue de la liberte 1234567a 000 1002 tunis tunisie b1234567892016 9876543b 000 site web www elecplus b987654321201 ponqere prix unitaire tva 2078 cable electrique 3g2 100m total 120 000 19 600 000 disjoncteur differentiel 40a 30ma 85 000 850 000 prise de courant 16a interrupteur simple allumage boite encastrement goulotte pvc 40x60 arretee la presente facture la somme de mille neuf cent quatre vingt sept dinars et centquatre vingt mille sous total tva 19 conditions de paiement reglement par virement bancaire cachet et signature ou par cheque ordre de elec plus sarl elec plus sarl zone industriette charguia 2035 ariana tunisie 1234567a 000 tel 70 123 456 coordonnees bancaires banque de tunisie iban tn59 0001 2345 6789 1234 5678 swift btkntntt merci pour votre confiance,facture
republique tunisienne ministere du transport certificat immatriculation immatriculation 284 tunis 3548 date de la premiere mise en circulation 11 10 2023 marque peugeot type 308 energie essence puissance fiscale 10 nombre de p1aces usage particu1ier numero identification du vehiculevf7463881 proprietaire ines mejri adresse 37 rue ibn khaldoun nabeul le ministre du transport,carte_grise
constat amiable accident automobile date de accident 20 03 2025 lieu ariana heure 22 47 vehicule circonstances vehicule proprietaire assure walid nasri proprietaire assure karim cherni ncontrat 87454560 contrat 31868659 societe assurance star assurances societe assurance comar vehicule marque hyundai vehicule marque peugeot type i10 type 308 immatriculation 711 tunis 6088 immatriculation 628 tunis 2867 degats apparents degats apparents pare chocs avant porte arrieredroite signature des conducteurs,constat_amiable
declaration de sinistre compagnie assurance nord est police ne 2024 088317 42 rue des tilleuls 75011 paris tel 01 44 55 66 77 renseignements sur le sinistre date du sinistre 14 03 2024 heure approximative 19h45 lieu du sinistre 23 avenue du parc 35016 paris type de sinistre incendie deouts des eaux consecutifs description des dommages incendie declare dans la cuisine vers 19h45 propagetion limitee au placard dane remarent et et des trainr att plavie ine prari didi deut flatieig stratifie intervention des pompiers 20m2 eaaju utiisr pourl extinotirn andommage le nparquet cart evike ne djcent cloison platre aucun blesse i1l estimation preliminaire des dommages placard cuisine 450 plan de travail 320 parquet 280 cloison platre 180 total 230 00701 ete temoins intervenants pompiers paris 16 intervention 2024 0314 088 laurent dubois voisin 25 temom oculaire pieces jointes declaration des pompiers fait paris le 15 mars 2024 signature du declarant sophie marchand,declaration_sinistre
auto pieces sfax societe de commerce rue de industrie tunis 7591382 000 facture 2025 9859 date 12 08 2026 client hedi gharbi adresse 66 avenue mohamed gabes designation qte montant article 933 20 926 58 total 926 58 tva 19 pourcent 2285 07 total ttc 926 58 arretee la presente facture la somme de,facture
mega tronic societe de commerce rue de industrie la marsa 2482237 000 facture 2026 1310 date 10 09 2024 client faten khemiri adresse 49 rue des jasmins la marsa designation qte montant article 881 88 2125 59 total 2125 59 tva 19 pourcent 3565 93 total ttc 2125 59 arretee la presente facture la somme de,facture
electro menager tunis amenagement renovation devis 2023 860 date 01 01 2024 client yassine gharbi adresse avenue mohamed monastir designation qte montant peinture interieure 58 4227 51 main oeuvre 479 38 total 679 52 tva 19 pourcent 1377 31 total ttc 1727 12 devis valable 30 jours,devis
cabinet expertauto cabinet expertise assurances rapport expertise exp 2026 177 assure sonia ben salah contrat 05009171 nature du sinistre accident de la circulation date du sinistre 20 11 2025 lieu du sinistre avenue habib bourguiba ariana description des dommages choc frontal avec un autre vehicule degats importants sur la partie avant evaluation des dommages designation montant pare chocs avant 1422 71 capot 987 59 total 4156 95 conclusion les dommages sont consecutifs un accident de la circulation expert yassine ben sa1ah signature et cachet,rapport_expertise
constat amiable accident automobile date de accident 15 12 2026 lieu kairouan heure 36 vehicule circonstances vehicule proprietaire assure karim mejri proprietaire assure mohamed gharbi contrat 16397505 contrat 79215109 societe assurance lloyd tunisien societe assurance ami assurances vehicule marque volkswagen vehicule marque hyundai type golf type i10 immatriculation 163 tunis 1498 immatriculation 759 tunis 5338 degats apparents degats apparents pare chocs avant porte arriere droite signature des conducteurs,constat_amiable
remurlique tunisifnne 209 40 permis condutar 101 126360 bouid mokh tunis 210000 en me0sg vesmeete n00 emsumes 115115 940 rar yve ce evte cuu bace 12 08 1989 asi 00069630 numers de de cete un pva mance pes cuts gorte veeelsgrs vorure de optrotin,permis_conduire
declaration de sinistre assurances nom et prenom hedi trabelsi adresse 26 rue de carthage gabes tel 93 300 674 email hedi trabelsi email contrat 98331465 assureur assurances maghrebia date du sinistre 19 02 2023 heure 21 26 lieu du sinistre rue de carthage kairouan nature du sinistre accident de la circu1ation circonstances detaillees choc avec un autre vehicule un carrefour degats materiels tiers implique sonia mejri il des blesses non il un constat amiable oui fait kairouan le 07 06 2025 signature de assure,declaration_sinistre
bati construction amenagement renovation devis 2024 754 date 20 06 2026 client nadia mejri adresse 45 rue de carthage sousse designation qte montant peinture interieure 18 4951 21 main oeuvre 2871 76 total 469 74 tva 19 pourcent 4843 38 total ttc 2632 09 devis valable 30 jours,devis
republique tunisienne ministere de interieur permis de conduire nom amine sassi ne le 16 03 2026 sfax adresse 41 rue de carthage kairouan categorie delivre le 20 07 2025 valable jusqu au 15 12 2025 de permis 470622 autorite de delivrance ariana,permis_conduire
cabinet expertauto cabinet expertise assurances rapport expertise exp 2026 220 assure nadia bouazizi contrat 50855110 nature du sinistre accident de la circulation datedu sinistre 28 11 2023 lieu du sinistre avenue habib bourguiba tunis description des dommages choc frontal avec un autre vehicule degats importants sur la partie avant evaluation des dommages designation montant pare chocs avant 3486 87 capot 1149 44 total 2621 61 conclusion les dommages sont consecutifs un accident de la circulation expert mohamed ben salah signature et cachet,rapport_expertise
republique tunisienne ministere de interieur permis de conduire nom walid sassi ne le 10 05 2024 monastir adresse 84 avenue habib bourguiba bizerte categorie delivre le 15 06 2023 valable jusqu au 27 10 2026 de permis 295563 autorite de delivrance sousse,permis_conduire
societe de commarce mega tronic rue de indusuto 2035 charguis tunio tunicle 1254ss1 am41000 2026 0568 toi 71 940 123 date 20 2024 client ahmed ben saloh adresse 45 rue de la liberte 1002 tunis 1234567 av000 smartphone samsung as4 chargeur rapide 2sv ecouteurs bluetooth avrteieo la presente facture la somme taule sept cent trelze dinars soixante millimes,facture
mega tronic societe de commarce facture rue de nindustito 2035 charguis tunio turidie maf 1254ss1 a441000 2026 0568 toi 71 940 123 daze 20 2024 client ahmed ben saloh adresse 45 rue de la liberte 1002 tunis 1234567 av000 1250 00 70 00 120 00 smartphone samsung as4 chargeur rapide 2sv ecouteurs bluetooth arteteo presente facture la somme de haulle sept cent uelze dinars et soixante millimes,facture
tech plus amenagement renovation devis 2026 791 date 06 07 2025 client leila khemiri adresse 39 rue ibn khaldoun tunis designation qte montant peinture interieure 19 4402 79 main oeuvre 1616 90 total 4379 77 tva 19 pourcent 1138 38 total ttc 1921 42 devis valable 30 jours,devis
auto pieces sfax societe de commerce rue de industrie sfax 1270800 000 facture 2024 6926 date 21 03 2025 client karim trabelsi adresse 86 avenue habib bourguibamonastir designation qte montant article 1561 77 4783 18 total 4783 18 tva 19 pourcent 3225 04 total ttc 4783 18 arretee la presente facture la somme de,facture
republique tunisienne ministere du transport certificat immatriculation immatriculation 464 tunis 9551 date de lapremiere mise en circulation 17 12 2024 marque citroen type energie essence puissance fiscale nombre de places usage particulier numero identification du vehicule vf9503498 proprietaire nadia sassi adresse avenue mohamed sousse le ministre du transport,carte_grise
constat amiable accident automobile date de accident 19 05 2024 lieu ariana heure 23 39 vehicule circonstances vehicule proprietaire assure yassine hamdi proprietaire as5ure leila khemiri contrat 19163798 contrat 00472028 societe assurance lloyd tunisien societe assurance lloyd tunisien vehicule marque citroen vehicule marque renault type type clio immatriculation 827 tunis 3764 immatriculation 318 tunis 8253 degats apparents degats apparents pare chocs avant porte arriere droite signature des conducteurs,constat_amiable
aaygeazl republique tunisienne 5159 ministere du transport certificat immatriculation immatriculation 123 4567 date de premiero mise en crcufation 15 06 2018 marque peugeot type 308 enorge 477 essence puissance fiscale nornbre de places usage particulier numero idenulication vehicute vf3lcshpjs123456 proprietaire adresse 200 45 rue de la liberte 1002 tunis le ministe du transport 1234567,carte_grise
republique tunisienne ministere de interieur permis de conduire nom soniacherni ne le 21 10 2026 la marsa adresse 68 rue des jasmins monastir categorie delivre le 07 05 2024 valable jusqu au 17 09 2024 de permis 766537 autorite de delivrance monastir,permis_conduire
republique tunisienne ministere du transport certificat immatriculation immatriculation 578 tunis 1891 date de la premiere mise en circulation 11 12 2026 marque kia type picanto energie essence puissance fiscale nombre de places usage particulier numero identification du vehicule vf9803220 proprietaire amine hamdi adresse 69 rue de carthage gabes le ministre du transport,carte_grise
cabinet expertauto cabinet expertise assurances rapport expertise exp 2024 586 assure ines trabelsi contrat 50543226 nature du sinistre accident de la circulation date du sinistre 01 03 2026 lieu du sinistre avenue mohamed nabeul description des dommages choc frontal avec un autre vehicule degats importants sur la partie avant evaluation des dommages designation montant pare chocs avant 3387 89 capot 1693 36 total 655 48 conclusion les dommages sont consecutifs un accident de la circulation expert leila mejri signature et cachet,rapport_expertise
republique tunisienne ministere du transport certificat immatriculation immatriculation 761 tunis 4345 date de la premiere mise en circulation 16 12 2023 marque hyundai type i10 energie essence puissance fiscale nombre de places usage particulier numero identification du vehicule vf2790180 proprietaire nadia mejri adresse 50 rue de carthage la marsa le ministre du transport,carte_grise
republique tunisienne ministere de interieur permis de conduire nom karim bouazizi ne le 27 09 2025 nabeul adresse 62 avenue mohamed bizerte categorie delivre le 14 12 2025 valable jusqu au 14 02 2023 de permis 477635 autorite de delivrance gabes,permis_conduire
constat amiable accident automobile ne nstn pas une reconnaissance de rcsponsabnhte mais un releve signer obligatoirement par les deux conducteurs des identites et des faits servant acceleratton du reglement date de accident heure blesses meme legers degats materiels autres temoins noms adresses et tel soungner il agit dun passager de ou aux vehicules et vehicule 12 circonyances mehicule mettre une croix dans eqs societe assurances chacune des cases utiles societe assurances pour preciser le croquis vehicule assure par vehicule assure par en stationnement police assurance police assurance quittalt un stationnement agence agence attestation valable prenalt un statlonnement attestation valable du au identite du conducteur sortait un parking un lleu prive un chemin de terre du au identite du conducteur engagealt dans un parking un neu prive un chemin de terre nom nom preno arret de circulation prenom adresse permis de conduire delivre le adresse trotiement sans changement de file permis de conduire heurtait arriere en roulant dans le meme sens et sur une meme file roulait dans le meme sens et sur une fiie differente delivre le assure voir attest assur assure voir attest assur 033f 10 changealt de file 10f nom nom prenom 11 doublalt 11 prenom adresse 12 virait droite 12kl adresse tel identite du vehicule marque type tfel 13 virait gauche 13 identite du vehicule marque type 14 reculait 14h 15 empletait sur la partie de chaussee 15 reservee la circulation en sens immatriculation immatriculation inverse sens suivi 16 venalt de droite dans un 16 sens suivi carrefour venant de 17 avalt pas observe le signal 17 venant de de priorite allant allant iindiquer le nombre dee cases marquees une croix 10 indiquer par une fleche estes dstque cune ctoux 10 indiquer par une ecne le point de choc initial 13 croquis de acmdent ren le point de choc initial 77 10 litt 660 hjh 440 44 14 observations 14 observahons 15 signature des conducteurs cileil gase a5jl h3l jlule xiuaslf glel 53114 enolall sll ce 85 guao pallle ela mel exigez une photocopie de attestation internationale assurances carte verte ou carte orange si le tiers est assure etranger 11 degats apparents ll1 degats apparents de lgl remplir par assure et transmettre dans les cinq jours son assureur dans les 24 heures en cas de vol du vehicule nom de assure profession le souscripteur tel cil consigdcgs de qccident croquis seulement il pas deja ete fait sur le constat au recto designer les vehicules par et conformement au recto preciser le trao6 des voles la direction des vehicules leur position au moment du choc les signaux routlers le nom des rues ou routes il ete etabli un proces verbale de la garde nationale un rapporl de polico si oui brigade ou poste de police conducteur du vehicule assure est il le conducteur habituel du vehicule our non date de naissance oei est il salarie de assure lou sinon quel titre conduisait il vehicule assure lieu habituel de garage quel etait le inotif du deplacement expertise des degats garage ou le vehicule sera visible quand eventuellement telephoner ete vole indiquer son numero dans la serie du type voir carte grise est gage nom et adresse de organisme de credit si le est un poids lourd poids total en charge vehicule etait attale un autre vehicule tractant ou remorque au moment de accident indiquer immaniculation de cet autre vehicuie ppids total en charge nom de la societe qui assue police dans cette societe degals materiels autres aux vehicules et nature et importance nom et adresse du proprietaire blesse nom prenom et age adresse profession ns0eere degre de parente avec assure ou le conducteur est il salarie de assure nature et gravite aes biessures situatlon au moment de accident pleton passager du vehicule ou etc soins ou hospitalisation jar slgnature de assure,constat_amiable
bati construction societe de commerce rue de industrie sfax 1752795 000 facture 2026 6953 date 04 01 2026 client walid ben salah adresse 35 rue de la liberte ariana designation qte montant article 3927 67 4208 74 total 4208 74 tva 19 pourcent 1879 97 total ttc 4208 74 arretee la presente facture la somme de,facture
constat amiable accident automobile date de accident 15 02 2026 lieu sfax heure 17 vehicule circonstances vehicule proprietaire assure mohamed bouzid proprietaire assure faten hamdi contrat 59992071 contrat 89802213 societe assurance ami assurances societe assurance lloyd tunisien vehicule marque peugeot vehicule marque hyundai type 308 type i10 immatriculation 696 tunis 7514 immatriculation 133 tunis 6131 degats apparents degats apparents pare chocs avant porte arriere droite signature des conducteurs,constat_amiable
en declaration de sinistre assurances l1jinformations sur assureeb nometprenom ahmed ben salah adresso rue de la liberte 1002 tunis 98 123 456 emoi ahmed bensalah email convat 00f25 56 datedusnsue 12 2024 houre 14 30 leu avenue habib bour3uiba tunis noture dusinistre accident de la circulation circonstances getolliees choc avec un autre vehicule un carrefour degafs materiels importants nometprenom karim gharbi tel 95 654 321 aasurance star assui gaccs convot 78945612 fota tunis le 12 05 2024,declaration_sinistre
declaration de sinistre compagnie assurance nord est numero de police 471 8829 03 date du sinistre mars 2025 assure nom moreau jean luc prenom ciean luc adresse 27 tue des lilas 750414 faris telephone 06 42 48 93 77 description du sinistre inondation dans le sous sol suite vne rupture de toyavterie eau stagnante sur environ 45 pendan heures avant ervenaion constates sur le pari et les plinthes en bois dommages estimes 450 pieces jointes photos jevis artisan facture pompe eau hociih porve 44111100 signature et date fait paris le 46 marss 2025,declaration_sinistre
republique tunisienne ministere de interieur permis de conduire nom faten trabelsi ne le 15 09 2026 monastir adresse 43 rue de la liberte monastir categorie delivre le 21 04 2023 valable jusqu au 25 05 2025 de permis 254591 autorite de delivrance ariana,permis_conduire
declaration de sinistre assurances nom et prenom amine gharbi adresse 36 avenue habib bourguiba bizerte tel 37 854 204 email amine gharbi email contrat 81960013 assureur star assurances date du sinistre 17 10 2023 heure 17 12 lieu du sinistre rue ibn kha1doun la marsa nature du sinistre accident de la circulation circonstances detaillees choc avec un autre vehicule un carrefour degats materiels tiers implique ahmed nasri il des blesses non il un constat amiable oui fait gabes le 08 08 2025 signature de assure,declaration_sinistre
republique tunisienne ministere du transport certificat immatriculation immatriculation 468 tunis 8173 date de la premiere mise en circulation 09 09 2024 marque kia type picant0 energie essence puissance fiscale nombre de places usage particulier numero identification du vehicule vf8057786 proprietaire walid ben salah adresse 52 rue des jasmins la marsa le ministre du transport,carte_grise
tech plus societe de commerce rue de industrie kair0uan 5539009 000 facture 2026 9727 date 16 12 2024 client leila hamdi adresse 92 rue ibn khaldoun tunis designation qte montant article 4439 64 246 75 total 246 75 tva 19 pourcent 3712 68 total ttc 246 75 arretee la presente facture la somme de,facture
constat amiable accident automobile date de accident 02 01 2023 lieu la marsa heure 11 vehicule circonstances vehicule pr0prietaire assure faten gharbi proprietaire assure walid sassi contrat 20532208 contrat 93956089 societe assurance lloyd tunisien societe assurance ami assurances vehicule marque peugeot vehicule marque kia type 308 type picanto immatriculation 398 tunis 7957 immatriculation 492 tunis 2161 degats apparents degats apparents pare chocs avant porte arriere droite signature des conducteurs,constat_amiable
cabinet expertauto cabinet expertise assurances rapport expertise exp 2024 862 assure hedi jendoubi contrat 49371041 nature du sinistre accident de la circulation date du sinistre 15 07 2024 lieu du sinistre avenue mohamed kairouan description des dommages choc frontal avec un autre vehicule degats importants sur la partie avant evaluation des dommages designation montant pare chocs avant 1061 00 capot 2247 83 total 255 09 conclusion les dommages sont consecutifs un accident de la circulation expert ines bouazizi signature et cachet,rapport_expertise
bati construction societe de commerce rue de industrie ariana 3537531 000 facture 2024 6613 date 16 09 2025 client walid jendoubi adresse 97 rue des jasmins ariana designation qte montant article 580 67 2865 67 tota1 2865 67 tva 19 pourcent 374 19 total ttc 2865 67 arretee la presente facture la somme de,facture
republique tunisienne ministere du transport certificat immatriculation immatriculation 945 tunis 9937 date de la premiere mise en circulation 26 12 2025 marque peugeot type 308 energie essence puissance fiscale nombre de places usage particulier numero identification du vehicule vf2193846 proprietaire faten khemiri adresse 64 avenue mohamed bizerte le ministre du transport,carte_grise
don ngaa son deco devis amena men renovation 275 date 20 05 2024 clent karim ben youssef adresse 12 avenue habab bourguiba 1001 tunis tel 98 765 432 mmium pemture intenioure blanc casse som 15 000 200 000 carrelage soi 60x60 45 238000 1710 00 pose de plaques de ptetre murs 30 28 000 840 000 electricite prise interrupteurs 15 pts 25 000 37500 main uvre s5000 550000 total en lettres trois muille six cent quarante six dinars tunisions 4375 000 tnd 831 250 tnd 206 250 tnd tva 19 totai ttc conditions de palement 30 la commande 70 la recepton des tavaux maison deco amenagement renovaton validite du devis 30 jours movesn 45 rue de ta lberte 1002 tures 98123456 contact manondeco ouve oreate,devis
republique tunisienne ministere de interieur permis de conduire nom ineshamdi ne le 12 11 2024 bizerte adresse 44 rue de carthage la marsa categorie delivre le 13 06 2024 valable jusqu au 20 05 2023 de permis 243172 autorite de delivrance la marsa,permis_conduire
constat amiable accident automobile dute acode 12 2024 love ueu tunis ticurose 14 30 tuunis avenue habib bours vemicutez 12 cinconstances denicuce proes eamserce auare prores coaurarce eract akmed ben safah commorc noiee kacim gharbi contat 00123456 foemura gas temtnte cotat 7834s612 fcnemec ce cecote sootse evnsance ami assurances fextrerdos ocionce soutte jarurarce star assurances vencue tona 6ra mucue feugeot dornveut vises renauct type 308 ctio ermaineuldon 123 uiys 4sgt mmatnculation 456 t8io croquis de accidont 12 cirecsao orseras degsts appurenes pare chocs avant phare 3auck degats opparems porte arriere droite aile droite signature des conductours hhe,constat_amiable
auto pieces sfax amenagement renovation devis 2023 714 date 20 12 2026 client ines trabelsi adresse 66 rue ibn khaldoun kairouan designation qte montant peinture interieure 64 3009 80 main oeuvre 1225 40 total 3014 84 tva 19 pourcent 2663 19 total ttc 2355 42 devis valable 30 jours,devis
rapporn exp 2024 0517 rapport expertise date 70672074 espert mandate cabret espertsos comeots expert hutiqr mastin adresse mnoourlp telephone 0478123456 ermai cortact arpertises comeds masion espertrie suite degbt des eaux date de la mistion 15 05 2024 ueu de la mission 12 rue des fleurt 69003 lyon demandeus assusrance securipro assure dupont jean de contrat 2023 09876 description des faits leclare avour constate une fuite eau le 14 05 2024 vers 22100 lommages au plafond et au muf du saton vtue en dessout tree dars le maur de la saile de ban assure provenant du puione de la sale de bain provoquant des nfiltratsons desd orgrne prevurnee de la fuite provrent une canalisation encas examen et constatations fuste eau confamee rovesu un raccord de canalisation salle de bain traces snurruote et aureoles sur le plafond et le ras du salon perture cloquee partiellement decoltee punthe en bois deformee par fhurmidite absence de veturte apparete anstallatons pretence eau stagnante au soi lors de lyiute origine du sinistre orgir sccidentelle due ta rupture dun raccord de canalsation encastree fuite eau repnie porcure plutord tuaion les dommages constates sont en ben direct avec la fuite eau survenue le 14 05 2024 le cout des reparations est estime 1560 00 ttc cette esaluation est valable pour une duree de mois compter la date du present rapport fait lyon 17 05 2024 lexpert jutien martun,rapport_expertise
declaration de sinistre 0352419 assurances lis adresser dans les jours informations sur assure nom et prenom ahmed ben salah assureur ami assurances adresse 45 rue de la liberte agence tunis centre 1002 tunis tel 98 123 456 date effet du contrat 45 03 2023 email ahmed bensalah email 00123456 contrat iinformations sur le sinistre date du sinistre 42 05 2024 heure 44 30 ildesblesses doui non si oui nombre lieu du sinistre avenue habib bourquiba ilun constatamiable oui non si oui le joindre la presente declaration nature du sinistre accident de la circulation les autorites ont elles ete avisees ooui non circonstances detaillees si oui lesquelles choc avee un autre vehicule un carrefour degats materiels mporfanfs 13 atiers implique si applicable nom et prenom karim gharbi vehicule peugeo 308 20 rue des jasmi adresse 20 uia i4a ioimms nature des dommages pare chocs avant fjao uche tet 95 654 321 montant estime 800 assureur star assurances contrat 78945642 pieces jointes constat amiable photos autres immatriculation 423 4567 fait tunis le 42 05 2024 signature de assure iete anonyme au capital de 56 000 000 6123456199 1234567 000 avenue de paris 1001 tunis tet 71 28 28 28 fax 71 26 28 29 ami assurances siege soci,declaration_sinistre
jardins de tunisie devis 2024 01 091 ameragemant porsager date 25 janvier 2024 avenue hec chaker turss 1002 4216 71 234 567 1234567 000 client ahmed ben rue de la liberte la marsa 2070 upunmdeg 100 ammp 800 000 tnd mao3 installation systeme arrosage 450000 tnd 450 000 totalht 850 000 tnd tva 19 351 500 tho total 201 500 tnd tiou oreate,devis
declaration de sinistre assurances nom et prenom ines jendoubi adresse 13 avenue habib bourguiba nabeul tel 84 167 460 email ines jendoubi email contrat 69857002 assureur assurances maghrebia date du sinistre 15 11 2024 heure 25 lieu du sinistre avenue habib bourguiba nabeul nature du sinistre accident de la circulation circonstances detaillees choc avec un autre vehicule un carrefour degats materiels tiers implique leila khemiri il des blesses non il un constat amiable oui fait kairouan le 19 02 2023 signature de assure,declaration_sinistre
expertise plus abi binet expertise assurances rapport expertise assure exp 2024 125g ania ben ali date contrat 00987654 lature du sinistre accident de la circulation date du sinistre 30 05 2024 lieu du sinistre sfax route de gabes description des dommages collision avec un autre vehicule un carrefour degats materiels sur avant et le cote droit du vehicule assure evaluation des dommages designation montant pare chocs avant 1200 000 1800 000 conclusion les dommages sont consecutifs un acclder dinars ime sept mille ce eparations est estime le cout des repar aile avant droite phare avant droit porte avant droite peinture et ajustements la circulation expert expertise plus n3bll kchaou cabinet expertise assyrances signature cachet oreate,rapport_expertise
3nmia declaration de sinistre assurances l1tinformations sur assure nometprenom ahmed ben salah adresso rue de la liberte 1002 tunis tet 98 123 456 emoe ahmed bensalah email convat uui23 56 datedusinsue 12 2024 howe 14 30 leu aavenue habib bour3w tunis noture dusinistre accident de la circulation circonstances getolllees choc avec un autre vehicule un carrefour 3af materiels importants gintiers implique applicablesd nometprenom karim gharbi tel 95 654 321 assurance star assurances convot 78945612 fora tunis le 12 2024 olute,declaration_sinistre
electro menager tunis societe de commerce rue de industrie tunis 3237541 000 facture 2025 7714 date 20 11 2026 client ahmed cherni adresse 55 rue ibn khaldoun tunis designation qte montant article 3633 27 2993 55 total 2993 55 tva 19 pourcent 3126 39 totalttc 2993 55 arretee la presente facture la somme de,facture
declaration de sinistre assurance nord est date de la dectaration 14 03 2025 numero de police 4471 8829 03 informations du client nom martin prenom sophie 27 vue des lilas 75011 paris adresse 42 18 93 77 telephone email soehie mar ema details du sinistre 12 03 2025 14h30 lieu garage souterrain 27 rue des lilas type de sinistre vol eer 0nn description sac main en quir noir contenant qorfe euil telephone gorfa ble iphone 14 et cles vole eendu stotionnement date du sinistre dommages estimes montant estime 850 pieces jointes proces verbal de depot de plainte 2025 031 0892 factures achat des objets voles photos du lieu du sinistre signature hie maroh fait paris le 14 mars 2025,declaration_sinistre
republique tunisienne ministere de interieur permis de conduire nom faten jendoubi ne le 21 02 2024 ariana adresse 75 avenue mohamed bizerte categorie delivre le 04 03 2025 valable jusqu au 05 09 2025 de permis 349794 autorite de delivrance kairouan,permis_conduire
republique tunisienne ministere du transport certificat immatriculation immatriculation 912 tunis 6968 date de la premiere mise en circulation 13 12 2023 marque renault type clio energie essence puissance fiscale nombre de places usage particulier numero identification du vehicule vf3906926 proprietaire ahmed ben salah adresse 34 avenue mohamed ariana le ministre du transport,carte_grise
tech plus amenagement renovation devis 2023 824 date 04 10 2025 client leila cherni adresse 79 rue ibn khaldoun gabes designation qte montant peinture interieure 17 1437 61 main oeuvre 3527 76 total 1760 89 tva 19 pourcent 2444 96 total ttc 4250 62 devis valable 30 jours,devis
expertise centrale cabinet expertise assurances rapport expertise exp 2026 549 assure yassine khemiri contrat 80349316 nature du sinistre accidentde la circulation date du sinistre 26 04 2024 lieu du sinistre rue ibn khaldoun nabeul description des dommages choc frontal avec un autre vehicule degats importants sur la partie avant evaluation des dommages designation montant pare chocs avant 4654 30 capot 3201 46 total 3818 39 conclusion les dommages sont consecutifs un accident de la circulation expert rania ben salah signature et cachet,rapport_expertise
declaration de sinistre assurances nom et prenom walid mejri adresse rue de carthage gabes tel 67 881 659 email walid mejri email contrat 17390637 assureur gat assurances date du sinistre 16 10 2023 heure 20 19 lieu du sinistre rue des jasmins sousse nature du sinistre accident de la circulation circonstances detaillees choc avec un autrevehicule un carrefour degats materiels tiers implique sami khemiri il des blesses non il un constat amiable oui fait sfax le 04 09 2024 signature de assure,declaration_sinistre
constat amiable accident automobile date de accident 19 02 2024 lieu la marsa heure 14 03 vehicule circonstances vehicule proprietaire assure rania nasri proprietaire assure nadia ben salah contrat 74142013 contrat 49843828 societe assurance assurances maghrebia societe assurance ami assurances vehicule marque peugeot vehicule marque renault type 308 type clio immatriculation 418 tunis 1272 immatriculation 399 tunis 7396 degats apparents degats apparents pare chocs avant porte arriere droite signature des conducteurs,constat_amiable
auto pieces sfax societe de commerce rue de industrie tunis 6963252 000 facture 2026 8668 date 02 03 2025 client sonia sassi adresse 96 rue de la liberte sfax designation qte montant article 3218 36 1109 34 tota1 1109 34 tva 19 pourcent 2297 79 total ttc 1109 34 arretee la presente facture la somme de,facture
maison deco amenagement renovation devis 2026 217 date 22 10 2026 client leila nasri adresse 38 rue des jasmins bizerte designation qte montant peinture interieure 18 2629 46 main oeuvre 4955 47 total 3109 01 tva 19 pourcent 4786 06 total ttc 607 18 devis valable 30 jours,devis
republique tunisienne immatriculation serie du type vols blil syfbi urhebkp constructeur 676543 genre azoll toyota tabcd 1234567 8901 type constructeur prn type commercial corolla 20 05 2023 dem syj nom et prenom veleo 555 uxl 12 adresse 78945612 ou 98765432 oreate,carte_grise
republique tunisienne ministere de interieur permis de conduire nom amine cherni ne le 11 11 2023 tunis adresse 63 avenue mohamed la marsa categorie delivre le 07 07 2024 valable jusqu au 05 04 2024 de permis 850252 autorite de delivrance lamarsa,permis_conduire
declaration de sinistre compagnie assurance nord est police ne 2024 088317 12 rue des tilleuls 75011 paris tel 445566 77 renseignements sur le sinistre date du sinistre 14 03 2024 heure approximative 19h45 lieu du sinistre 23 avenue du parc 35016 paris type de sinistre incendie degats des eaux consecutifs description des dommages incendie declare dans la cuisine vers 19h45 propagetion limitee au placard dane remarent et et des trainr att plavie ine prari didi deut flatieig stratifie intervention des pompiers 20m2 eaaju utisr pourl extinotirn andommage le nparquet cart evike ne djcent cloison latre aucun blesse il estimation preliminaire des dommages placard cuisine 450 plan de travail 320 parquet 280 cloison platre 180 total 230 temoins intervenants pompiers paris 16 intervention 2024 0314 088 laurent dubois voisin 25 temom oculaire pieces jointes photographies des deaats clich declaration des pompiers devis fait paris le 15 mars 2024 signature du declarant sophie marchand,declaration_sinistre
facture bati pro fac 2024 0876 materiaux outillage date 22 05 2024 echeance 05 06 2024 bati pro sarl 15 rue des artisans 1002 tunis tunisie tel 71 234 567 email contact batipro 1234567a 000 b1234562018 site web www batipro designation quantite ciment portland 50kg 100 client societe generale de construction 45 avenue habib bourguiba 3000 sfax tunisie 9876543b 000 b98765432015 prix unitaire 1400 000 fer beton 12mm 1300 000 parpaing creux 20x20x40 550 000 sable de construction 10 40 000 400 000 gravier 38 000 304 000 peinture exterieure 20l 375 000 arretee la presente facture la somme de sous total 329 000 quatre mille cinq cent soixante seize dinars 823 110 tunisiens et soixante mille total ttc 152 110 conditions de paiement reglement par virement bancaire ou cheque ordre de bati pro sarl cachet et signature bati pro sarl 15 rue des artisans 1002 turus tunisie 1234567a 000 tel 71 234 567 coordonnees bancaires banque de tunisie iban tns9 0001 2345 6789 1234 5678 swift btkntntt merci pour votre confiance,facture
devis maison deco 2024 112 amensgemont renovotion date 18 2024 chent ahmed ben solah adesso 45s rue de la liberte 1002 tunis 98 123 456 montant peinture interieure blanc carrolage soi 60460 moin uvre 20000 tva 19 4s6 000 total ttc 856 000 devis valable 30 jours maison deco amenagement renovation,devis
constat amiable accident automobile date de accident 27 09 2025 lieu ariana heure 16 50 vehicule circonstances vehicule proprietaire assure ines bouazizi proprietaire assure ines nasri c0ntrat 87978884 contrat 58795797 societe assurance ami assurances societe assurance ami assurances vehicule marque volkswagen vehicule marque peugeot type golf type 308 immatriculation 399 tunis 2418 immatriculation 569 tunis 5812 degats apparents degats apparents pare chocs avant porte arriere droite signature des conducteurs,constat_amiable
155e republique tunisienne certificat immatriculation lss jesnaus sokg nou et pronem 05355012 fou aui 29 420 serie du type acivee lisx 3kpa341able283793 dals se ce lala constructeur hos4k461f typoconstructeur s003 10 91 type commercal 2020 07 07 ydu 2207,carte_grise
constat amiable accident automobile date de accident 23 03 2026 lieu tunis heure 13 32 vehicule circonstances vehicule proprietaire assure ahmed cherni proprietaire assure walid bouazizi contrat 22879561 contrat 41096615 societe assurance lloyd tunisien societe as5urancestar assurances vehicule marque hyundai vehicule marque volkswagen type i10 type golf immatriculation 735 tunis 4112 immatriculation 261 tunis 6527 degats apparents degats apparents pare chocs avant porte arriere droite signature des conducteurs,constat_amiable
declaration de sinistre assurances nom et prenom rania bouzid adresse rue de carthage kairouan tel 43 599 317 email rania bouzid email contrat 54549480 assureur lloyd tunisien date du sinistre 07 02 2024 heure 23 26 lieu du sinistre rue de carthage la marsa nature du sinistre accident de la circulation circonstances detaillees choc avec un autre vehicule un carrefour degats materiels tiers imp1ique ines jendoubi il des blesses non il un constat amiable oui fait bizerte le 23 08 2026 signature de assure,declaration_sinistre
auto expert tunisie cabinet expertise assurances rapport expertise exp 2025 987 assure yassine nasri contrat 92095455 nature du sinistre accident de la circulation date du sinistre 09 10 2023 lieu du sinistre avenue habib bourguiba la marsa description des dommages choc frontal avec un autre vehicule degats importants sur la partie avant evaluation des dommages designation montant pare chocs avant 1926 09 capot 1001 57 total 4872 36 conclusion les dommages sont consecutifs un accident de la circulation expert rania bouazizi signature et cachet,rapport_expertise
devis 2023 10 058 batiment solutions rue de la gare le 24 octobre 2023 75015 paris t6l 01 45 32 10 99 siret 450 789 123 00015 client client jean dubois 12 rue des fleurs 92100 boulogne billancourt prrumiare rour 2500 1625 00 425 00 485 00 910 00 total 20 total,devis
tech plus societe de commerce rue de industrie sousse 3070990 000 facture 2024 6598 date 23 05 2026 client yassine khemiri adresse 80 rue ibn khaldoun sousse designation qte montant article 2247 72 1532 00 total 1532 00 tva 19 p0urcent 2530 00 total ttc 1532 00 arretee la presente facture la somme de,facture
